Workbook

Sheet Guide & Setup
B2: ENGINEERING TOOL — NO DL
B3: Standalone properties. No VBA, DLLs, add-ins, external workbook links, or database calls are required.
B5: HOW TO USE THIS COPY
B6: Keep this file as .xlsx. Change the orange input cells and choose Ideal Gas or Peng-Robinson on each gas calculator. The original .xlsm is a separate file.
B7: Ideal Gas sets Z=1. Peng-Robinson calculates gas compressibility, density, enthalpy departure, heat capacities, and sound speed using ordinary worksheet formulas.
B8: All constants and coefficients are stored on gas properties. Property calculations contains the working equations; nothing is downloaded when inputs change.
B9: Relief Valve Calculator also retains Manual Z. Enter a positive compressibility value appropriate to the relieving conditions.
B10: Polytropic pipe flow: Data > What-If Analysis > Goal Seek. Set C37 to 0 by changing C9. Repeat after changing inputs; no workbook macro is involved.
B11: Gas Temp Rise in Pipe: compare 25 and 50 segments. Each node solves total enthalpy (h + velocity squared / 2) using nine bounded Newton evaluations; residual must be below 0.1 J/kg.
B13: SUPPORTED CONDITIONS AND LIMITS
B14: Gas range: 250-600 K, minimum 0.01 bar abs. AIR, NITROGEN, ARGON and HELIUM: 7000 psig. HYDROGEN: 10000 psig. Other gases retain 100 bar abs. Each sheet uses its entered atmospheric pressure to convert gauge limits to absolute.
B15: Gas screening: below 1.05 times critical temperature, pressure must be below half the estimated Wilson saturation pressure. This conservative screening is not a phase-equilibrium calculation.
... B45: Sources and coefficient provenance are recorded on gas properties. URLs are documentation only. The workbook contains static reference data, not live external connections.

Sheet Flow rate converter
B1: GAS FLOW RATE CONVERTER
B2: Convert mass flow and volumetric flow using actual, standard, or normal gas conditions, including humidity effects for Air
B3: Cells with an orange fill are inputs. Cells with a green fill are converted outputs. Relative humidity inputs apply only when Fluid Type is Air.
B4: =IF(UPPER(C9)="WATER","Water: existing constant-density conversion only",IF(AND(UPPER(C9)="AIR",OR(C15>0,F15>0),MAX(E12,E13)>1000000),"BLOCK: humid-air conversion above 10 bar is unsupported",IF('Property calculations'!AU4=0,'Property calculations'!AV4,IF('Property calculations'!AU5=0,'Property calculations'!AV5,'Property calculations'!AV4)))) -> Gas estimate within calculation range
B5: INPUTS
B6: Gauge Pressure | C6: 100 | D6: psig | E6: =C6*6894.757293168 -> 689475.73 | F6: Pa
B7: Mass Flow Rate | C7: 631.6 | D7: lbm/hr
B8: Temperature | C8: 70 | D8: F | E8: =+(C8-32)*5/9+273.15 -> 294.26111 | F8: K
B9: Fluid Type | C9: Argon
B10: Density Method | C10: Ideal Gas
B11: Ambient Pressure | C11: 12.2 | D11: psia | E11: =C11*6894.757293168 -> 84116.039 | F11: Pa
B12: Total Pressure | C12: =C6+C11 -> 112.2 | D12: psia | E12: =C12*6894.757293168 -> 773591.77 | F12: Pa
B13: Standard or Normal Pressure | C13: 14.7 | D13: psia | E13: =C13*6894.757293168 -> 101352.93 | F13: Pa
B14: Standard or Normal Temperature | C14: 70 | D14: F | E14: =(C14-32)*5/9+273.15 -> 294.26111 | F14: K
B15: Actual Relative Humidity | C15: 0 | D15: % RH | E15: Standard / Normal RH | F15: 0 | G15: % RH
B16: OUTPUTS
B17: Mass Flow Rate | C17: =$C$7/3600 -> 0.17544444 | D17: lb/s
B18: Mass Flow Rate | C18: =$C$7/60 -> 10.526667 | D18: lb/min
B19: Mass Flow Rate | C19: =$C$7 -> 631.6 | D19: lb/hr
B20: Mass Flow Rate | C20: =$C$7*0.45359237/3600 -> 0.079580261 | D20: kg/s
B21: Mass Flow Rate | C21: =$C$7*0.45359237/60 -> 4.7748157 | D21: kg/min
B22: Mass Flow Rate | C22: =$C$7*0.45359237 -> 286.48894 | D22: kg/hr
B23: Standard / Normal Volume Flow | C23: =IF(UPPER($C$9)="WATER","NA",$C$22/IF($C$10="Ideal Gas",$C$34,IF($C$10="Peng-Robinson",$C$33,NA()))) -> 173.1089 | D23: Nm³/hr
B24: Standard CFM | C24: =IF(UPPER($C$9)="WATER","NA",($C$19/(IF($C$10="Ideal Gas",$C$34,IF($C$10="Peng-Robinson",$C$33,NA()))*0.062428))/60) -> 101.88799 | D24: SCFM
B25: Actual Volume Flow | C25: =($C$19/($C$32*0.062428))/60 -> 13.348961 | D25: ACFM
B27: FLUID PROPERTIES
B28: Molecular Weight | C28: =VLOOKUP($C$9,'gas properties'!$B$3:$E$13,2,FALSE) -> 39.948 | D28: g/mol
C29: IDEAL GAS | E29: SELECTED METHOD | G29: DIFFERENCE
B30: Density | C30: =IF(UPPER($C$9)="WATER",999.8,IF(UPPER($C$9)="AIR",(($E$12-$C$35)*0.02896546+$C$35*0.01801528)/($C$31*$E$8),(1/1000)*$E$12*C28/(C31*$E$8))) -> 12.631764 | D30: kg/m^3 | E30: =IF(UPPER(C9)="WATER",999.8,IF(AND(UPPER(C9)="AIR",C15>0),IF(E12>1000000,NA(),C30),'Property calculations'!BC4)) -> 12.631061 | F30: kg/m^3 | G30: =IF(UPPER($C$9)="WATER","NA",(C30-E30)/E30) -> 5.5643252e-05
B31: R | C31: 8.314 | D31: Pa*m^3/(mol*K)
B32: Density Used | C32: =IF(UPPER(C9)="WATER",999.8,IF('Property calculations'!AU4<>1,NA(),IF(AND(UPPER(C9)="AIR",C15>0),IF(E12>1000000,NA(),C30),IF(C10="Ideal Gas",C30,E30)))) -> 12.631764 | D32: kg/m^3
B33: Reference density (selected) | C33: =IF(UPPER(C9)="WATER","NA",IF(AND(UPPER(C9)="AIR",F15>0),IF(E13>1000000,NA(),C34),'Property calculations'!BC5)) -> 1.6548716 | D33: kg/m^3
B34: Reference density (ideal) | C34: =IF(AND(UPPER(C9)="AIR",F15>0,E13>1000000),NA(),IF(UPPER(C9)="WATER","NA",IF('Property calculations'!AU5=1,IF(UPPER($C$9)="WATER","NA",IF(UPPER($C$9)="AIR",(($E$13-$E$35)*0.02896546+$E$35*0.01801528)/($C$31*$E$14),(1/1000)*$E$13*$C$28/($C$31*$E$14))),NA()))) -> 1.6549637 | D34: kg/m^3
B35: Water Vapor Partial Pressure (Air only) | C35: =IF(UPPER($C$9)="AIR",MIN($E$12*0.999999,MAX(0,$C$15)*IF((($C$8-32)*5/9)>=0,EXP(34.494-4924.99/((($C$8-32)*5/9)+237.1))/(((($C$8-32)*5/9)+105)^1.57),EXP(43.494-6545.8/((($C$8-32)*5/9)+278))/(((($C$8-32)*5/9)+868)^2))),0) -> 0 | D35: Pa actual | E35: =IF(UPPER($C$9)="AIR",MIN($E$13*0.999999,MAX(0,$F$15)*IF((($C$14-32)*5/9)>=0,EXP(34.494-4924.99/((($C$14-32)*5/9)+237.1))/(((($C$14-32)*5/9)+105)^1.57),EXP(43.494-6545.8/((($C$14-32)*5/9)+278))/(((($C$14-32)*5/9)+868)^2))),0) -> 0 | F35: Pa std/norm
B36: CALCULATION LOGIC & THEORY
B37: This section explains the equations, conversions, and exact worksheet cells used. The converter starts with mass flow in C7 and uses density to calculate actual or reference-condition volumetric flow.
B39: TOPIC | C39: CALCULATION CELL(S) | D39: LOGIC / THEORY / CONVERSION
B40: Pressure conversion | C40: E6, E11:E13 | D40: Pressure in psi is converted to pascals using P (Pa) = P (psi) × 6,895. E6 converts gauge pressure, E11 converts ambient absolute pressure, E12 converts total absolute pressure, and E13 converts the selected standard/normal pressure.
B41: Absolute pressure | C41: C12, E12 | D41: C12 calculates total absolute pressure as gauge pressure C6 + ambient pressure C11. Gas density equations require absolute pressure, so E12—not gauge pressure E6—is used for the actual-condition density calculations.
B42: Temperature conversion | C42: E8, E14 | D42: Temperature is converted from °F to K using T (K) = (T (°F) − 32) × 5/9 + 273.15. E8 is actual gas temperature; E14 is the standard/normal reference temperature. C15 and F15 are the corresponding relative-humidity inputs used only for Air.
B43: Mass flow conversions | C43: C17:C22 | D43: C7 is the base mass flow in lbm/hr. Divide by 3,600 for lb/s (C17), divide by 60 for lb/min (C18), and retain the value for lb/hr (C19). Multiply by 0.45359237 to convert lbm to kg, then apply the same time conversions for kg/s (C20), kg/min (C21), and kg/hr (C22).
B44: Molecular weight | C44: C28 | D44: C28 uses VLOOKUP on the gas properties sheet to retrieve molecular weight for the fluid selected in C9. The lookup value is in g/mol; the calculated density equations divide by 1,000 to convert it to kg/mol.
B45: Actual density — ideal | C45: C30, C31 | D45: C30 uses the ideal-gas relationship. For Air, C35 calculates water-vapor partial pressure from temperature and actual RH, then C30 sums the dry-air and water-vapor partial densities. Other gases use total pressure E12, molecular weight C28, R in C31, and temperature E8.
B46: Actual density — selected | C46: E30 | D46: E30 uses local selected-method density. Air retains the humidity-corrected ideal mixture in C30; water retains 999.8 kg/m3.
B47: Density comparison | C47: G30 | D47: G30 compares ideal density C30 against selected density E30: (C30-E30)/E30.
B48: Density used | C48: C32 | D48: C32 supplies actual density from the selected local method; Ideal Gas has Z=1. Air retains the ideal humid-air calculation.
B49: Reference density — selected | C49: C33 | D49: C33 uses the selected local method at reference pressure and temperature. Air retains the ideal mixture density with reference humidity.
B50: Reference density — ideal | C50: C34 | D50: C34 applies ideal-gas density at reference conditions. For Air, E35 calculates reference water-vapor partial pressure and C34 sums dry-air and vapor partial densities; other gases use molecular weight C28.
... B56: Key conversion constants | C56: E6:E13, C17:C25 | D56: The sheet uses 6,895 Pa/psi, 0.45359237 kg/lbm, 0.062428 lb/ft³ per kg/m³, dry-air molar mass 0.02896546 kg/mol, and water-vapor molar mass 0.01801528 kg/mol. Humid-air density uses partial pressures and the ideal-gas relationship.
B59: ="Property status: "&'Property calculations'!AV4 -> Property status: Gas estimate within calculation range
B60: Gas range: 250-600 K. Air/N2/Ar/He to 7000 psig; H2 to 10000 psig; other gases to 100 bar abs. See alarms and Guide.

Sheet polytropic pipe flow
B1: POLYTROPIC GAS PIPE FLOW CALCULATOR
B2: Compressible-gas pipe-flow model with polytropic expansion, friction, fittings, and choking checks
B3: Cells with an orange fill are inputs. Results are summarized below the input block; supporting calculations follow. | D3: Orange cells are inputs. Select Ideal Gas or Peng-Robinson; use Goal Seek C37 = 0 by changing C9.
B4: =IF(UPPER(C11)="WATER","Water: existing pipe model assumptions remain; not a flashing-flow solver",'Property calculations'!AV6) -> Gas estimate within calculation range
C5: INPUTS
B6: STATUS | C6: =IF(AND(UPPER(C11)<>"WATER",'Property calculations'!AU6=0),'Property calculations'!AV6,IF(C7<=C8,"CHECK: Pin must exceed Pout",IF(C35<=0,"CHECK: elevation exceeds pressure head",IF(H82<1,"CHECK: Eq. 34 valid for K >= 1",IF(C60>C62,"CHOKED: using choked pressure drop","SUBSONIC: using actual pressure drop"))))) -> SUBSONIC: using actual pressure drop | M6: Item | N6: Rigid PVC/HDPE | O6: Glass-reinforced plastic / fiber-reinforced plastic | P6: Commercial Steel | Q6: Spiral Weld Steel
B7: Pin | C7: 25 | D7: psig | E7: =(C7+$C$19)*6894.757293168 -> 273721.86 | F7: Pa abs | M7: 45° threaded elbow, r/D=1 | N7: 20 | O7: 18 | P7: 16 | Q7: 14
B8: Pout | C8: 24.999481 | D8: psig | E8: =(C8+$C$19)*6894.757293168 -> 273718.29 | F8: Pa abs | M8: 90° threaded elbow, r/D=1 | N8: 37 | O8: 34 | P8: 30 | Q8: 26
B9: Mass flow guess (Goal Seek) | C9: 15 | D9: lbm/hr | M9: 90° welded elbow, r/D=1.5 | N9: 17 | O9: 15 | P9: 13 | Q9: 12
B10: INLET TEMP | C10: 70 | D10: F | E10: =+(C10-32)*5/9+273.15 -> 294.26111 | F10: K | M10: Ball valve, full bore | N10: 3.3 | O10: 3 | P10: 2.6 | Q10: 2.3
B11: Fluid Type | C11: ARGON | M11: Swing check valve | N11: 120 | O11: 110 | P11: 95 | Q11: 85
B12: ID | C12: 2.065 | D12: in | M12: Globe valve, full open | N12: 400 | O12: 370 | P12: 320 | Q12: 280
B13: Property source | C13: Peng-Robinson | M13: Threaded tee, branch | N13: 75 | O13: 68 | P13: 60 | Q13: 53
B14: Flow model | C14: Polytropic (Eq. 25) | M14: Threaded tee, straight run | N14: 25 | O14: 23 | P14: 20 | Q14: 18
B15: Polytropic index used (c) | C15: =IF(C14="Isothermal",1,IF(C14="Isentropic",C49,C58)) -> 1.0000004
B16: pipe roughness | C16: 0.0005 | D16: in
B17: pipe length | C17: 100 | D17: ft
B18: Elevation rise (+) | C18: 0 | D18: ft
B19: Atmospheric pressure | C19: 14.7 | D19: psia
B20: Minor loss material basis | C20: Commercial Steel | D20: commercial-steel fitting equivalent-length assumptions
B22: RESULTS
B23: Status | C23: =C6 -> SUBSONIC: using actual pressure drop
B24: Mass flow rate | C24: =C9/60 -> 0.25 | D24: lb/min
B25: Mass flow rate | C25: =C24*27.2155 -> 6.803875 | D25: kg/hr
B26: Mass flow rate | C26: =C25/60 -> 0.11339792 | D26: kg/min
B27: SCFM | C27: =C28*C51/C61 -> 2.246778 | D27: ft^3/min
B28: ACFM | C28: =(C9/(C51*0.062428))/60 -> 0.89366403 | D28: ft^3/min
B29: Mass flow rate | C29: =C9/3600 -> 0.0041666667 | D29: lb/s
B30: Mass flow rate | C30: =C25/3600 -> 0.0018899653 | D30: kg/s
B31: P2 choked | C31: =E7*(1-C62)/6894.757293168-$C$19 -> -10.329081 | D31: psig
B32: Pipe gas velocity | C32: =C50 -> 0.19514883 | D32: m/s
B33: Mach number | C33: =C54 -> 0.00061068915 | D33: [-]
B34: GOAL SEEK / SOLVER
B35: Available pressure term | C35: =E7*C63-C18*0.3048*C51*C56 -> 3.5781067
B36: Calculated loss term | C36: =C51*C56*F82/(C59^2) -> 3.3093547
B37: Residual (target 0) | C37: =C35-C36 -> 0.26875196
B40: FLUID PROPERTIES
B41: Molecular Weight | C41: =INDEX('gas properties'!$C$4:$C$13,MATCH(UPPER(C11),'gas properties'!$B$4:$B$13,0)) -> 39.948 | D41: g/mol
C42: IDEAL / LEGACY | E42: SELECTED METHOD | G42: DIFFERENCE
B43: Density | C43: =IF(C11="WATER",999.8,(1/1000)*E7*C41/(C45*E10)) -> 4.4695278 | D43: kg/m^3 | E43: =IF(UPPER(C11)="WATER",999.8,'Property calculations'!BC6) -> 4.4811173 | F43: kg/m^3 | G43: =IF(UPPER(C11)="WATER","NA",(C43-E43)/E43) -> -0.0025862959
B44: Viscosity | C44: =IF(C11="WATER",0.00002414 * 10^(247.8/(E10-140)),IF(C11="air",0.00001716*(E10/273.15)^1.5*383.55/(E10+110.4),IF(C11="nitrogen",0.00001663*(E10/273.15)^1.5*383.55/(E10+106.7),IF(C11="argon",0.00002125*(E10/273.15)^1.5*383.55/(E10+114),IF(C11="helium",0.00001865*(E10/273.15)^0.647,IF(C11="hydrogen",0.000008411*(E10/273.15)^0.678)))))) -> 2.2322375e-05 | D44: Pa*s | E44: =IF(UPPER(C11)="WATER",C44,'Property calculations'!BG6) -> 2.2435561e-05 | F44: Pa*s | G44: =+(C44-E44)/E44 -> -0.005044914
B45: R | C45: 8.314 | D45: Pa*m^3/(mol*K)
B46: Reynolds Number | C46: =C51*C50*C12*0.0254/C52 -> 2044.4153 | D46: [-]
B47: Friction Factor (low Re) | C47: =64/C46 -> 0.031304795 | D47: [-]
B48: Friction Factor (high Re) | C48: =0.25/(LOG10(C16/(3.7*C12)+5.74/(C46^0.9))^2) -> 0.050914169 | D48: [-]
B49: k | C49: =IF(UPPER(C11)="WATER","NA",'Property calculations'!BI6) -> 1.6761329 | D49: [-]
B50: velocity | C50: =0.2486*C9/(C51*C12^2) -> 0.19514883 | D50: m/s
B51: density used | C51: =E43 -> 4.4811173 | D51: kg/m^3
B52: Viscosity used | C52: =E44 -> 2.2435561e-05 | D52: Pa*s
B53: speed of sound | C53: ='Property calculations'!BF6 -> 319.5551 | D53: m/s
B54: mach number | C54: =+C50/C53 -> 0.00061068915 | D54: [-]
B55: Fully turbulent f (reference) | C55: =0.25/(LOG10(C16/(3.7*C12))^2) -> 0.014279899 | D55: [-] | E55: Not used for equivalent-length conversion
B56: g | C56: 9.81 | D56: m/s2
B57: pipe friction factor used | C57: =IF(C46<2300,C47,C48) -> 0.031304795 | D57: [-]
B58: c, Eq. 25 | C58: =1+1.8*C63*((C49-1)/(H82+1)) -> 1.0000004 | D58: [-]
B59: Net expansion factor Y | C59: =IF(OR(C63<=0,H82<=0),1,SQRT((C15/((C15+1)*C63))*(((1-C63)^((C15+1)/C15)-1)/((2/(C15*H82))*LN(1-C63)-1)))) -> 0.99999639 | D59: [-]
B60: dP/P actual | C60: =(E7-E8)/E7 -> 1.3072053e-05 | D60: [-]
B61: Density at 1 atm, 0°C | C61: =IF(UPPER(C11)="WATER","NA",(1/1000)*101325*C41/(C45*273.15)) -> 1.7823805 | D61: kg/m^3
B62: dP/P choked, Eq. 34 | C62: =IF(H82>0,EXP(-EXP(0.43-0.6*C49-0.43*LN(H82))),0) -> 0.88990129 | D62: [-]
B63: dP/P used | C63: =IF(C62>0,MIN(MAX(C60,0),C62),MAX(C60,0)) -> 1.3072053e-05 | D63: [-]
B64: Flow regime | C64: =IF(C60>C62,"CHOKED","SUBSONIC") -> SUBSONIC
B65: P2 used | C65: =E7*(1-C63)/6894.757293168-$C$19 -> 24.999481 | D65: psig
B66: Paper range check | C66: =IF(H82<1,"K < 1 not validated",IF(OR(C49<1,C49>1.67),"k outside 1.0-1.67",IF(AND(C46>=2300,C46<4000),"Transitional Reynolds range","Within stated range"))) -> k outside 1.0-1.67
B69: FITTINGS & VALVES
B70: Item | C70: QTY | D70: Direct K | E70: Le/D | F70: hL | H70: Calculated K
B71: Pipe | C71: =+C17 -> 100 | F71: =H71*$C$50^2/(2*$C$56) -> 0.03531059 | G71: f(L/D)V^2/(2*g) | H71: =$C$57*(C71*12)/$C$12 -> 18.191648 | I71: f(L/D)
B72: 45° threaded elbow, r/D=1 | C72: 0 | E72: =INDEX($P$7:$P$14,MATCH(B72,$M$7:$M$14,0)) -> 16 | F72: =H72*$C$50^2/(2*$C$56) -> 0 | G72: KV^2/(2*g) | H72: =C72*E72*$C$57 -> 0 | I72: K = Qty × (Le/D) × f
B73: 90° threaded elbow, r/D=1 | C73: 0 | E73: =INDEX($P$7:$P$14,MATCH(B73,$M$7:$M$14,0)) -> 30 | F73: =H73*$C$50^2/(2*$C$56) -> 0 | H73: =C73*E73*$C$57 -> 0
B74: 90° welded elbow, r/D=1.5 | C74: 50 | E74: =INDEX($P$7:$P$14,MATCH(B74,$M$7:$M$14,0)) -> 13 | F74: =H74*$C$50^2/(2*$C$56) -> 0.039496366 | H74: =C74*E74*$C$57 -> 20.348117
B75: Ball valve, full bore | C75: 3 | E75: =INDEX($P$7:$P$14,MATCH(B75,$M$7:$M$14,0)) -> 2.6 | F75: =H75*$C$50^2/(2*$C$56) -> 0.00047395639 | H75: =C75*E75*$C$57 -> 0.2441774
B76: Swing check valve | C76: 0 | E76: =INDEX($P$7:$P$14,MATCH(B76,$M$7:$M$14,0)) -> 95 | F76: =H76*$C$50^2/(2*$C$56) -> 0 | H76: =C76*E76*$C$57 -> 0
B77: Globe valve, full open | C77: 0 | E77: =INDEX($P$7:$P$14,MATCH(B77,$M$7:$M$14,0)) -> 320 | F77: =H77*$C$50^2/(2*$C$56) -> 0 | H77: =C77*E77*$C$57 -> 0
B78: Threaded tee, branch | C78: 0 | E78: =INDEX($P$7:$P$14,MATCH(B78,$M$7:$M$14,0)) -> 60 | F78: =H78*$C$50^2/(2*$C$56) -> 0 | H78: =C78*E78*$C$57 -> 0
B79: Threaded tee, straight run | C79: 0 | E79: =INDEX($P$7:$P$14,MATCH(B79,$M$7:$M$14,0)) -> 20 | F79: =H79*$C$50^2/(2*$C$56) -> 0 | H79: =C79*E79*$C$57 -> 0
B80: Entrance | C80: 0 | D80: 0.5 | F80: =H80*$C$50^2/(2*$C$56) -> 0 | H80: =C80*D80 -> 0
B81: Exit | C81: 0 | D81: 1 | F81: =H81*$C$50^2/(2*$C$56) -> 0 | H81: =C81*D81 -> 0
E82: sum | F82: =SUM(F71:F81) -> 0.075280912 | H82: =SUM(H71:H81) -> 38.783942
B85: CALCULATION LOGIC & THEORY
B86: This section explains the equation chain, conversions, and exact worksheet cells used. The mass-flow guess in C9 is solved so the available pressure term equals the calculated pipe-and-fitting loss term.
B88: TOPIC | C88: CALCULATION CELL(S) | D88: LOGIC / THEORY / CONVERSION
B89: Absolute pressure | C89: E7:E8 | D89: Inlet and outlet gauge pressures in C7:C8 are converted to absolute pascals using Pabs = (Pgauge + atmospheric pressure C19) × 6,894.757293168 Pa/psi. Compressible-flow and property equations require absolute pressure.
B90: Temperature conversion | C90: E10 | D90: Inlet temperature is converted from °F to K using T(K) = (T(°F) − 32) × 5/9 + 273.15. Kelvin temperature is used for density, viscosity, and speed-of-sound calculations.
B91: Flow-model selection | C91: C14:C15, C49, C58 | D91: C15 sets the polytropic index used in the expansion calculation. Isothermal sets c = 1, Isentropic sets c = k from C49, and Polytropic (Eq. 25) uses the calculated value in C58.
B92: Mass-flow conversions | C92: C24:C26, C29:C30 | D92: C9 is the base mass-flow guess in lbm/hr. C24 divides by 60 for lb/min. C25 multiplies lb/min by 27.2155 (= 60 × 0.45359237) for kg/hr. C26 divides by 60 for kg/min. C29 divides lb/hr by 3,600 for lb/s, and C30 divides kg/hr by 3,600 for kg/s.
B93: Molecular weight and k | C93: C41, C49 | D93: C41 retrieves embedded molecular weight. C49 uses operating-state Cp/Cv from the local property engine.
B94: Density—calculated | C94: C43, C45 | D94: C43 applies the ideal-gas relation ρ = P×M/(R×T), using inlet absolute pressure E7, molecular weight C41/1,000 in kg/mol, gas constant C45, and temperature E10. This assumes ideal-gas behavior (Z = 1). Water is overridden to 999.8 kg/m³.
B95: Density—Selected method | C95: E43, G43 | D95: E43 uses local selected-method density; G43 compares it with ideal density C43. Water retains the constant-density exception.
B96: Viscosity | C96: C44, E44, G44 | D96: C44 retains the original viscosity correlation as a comparison. E44 supplies the embedded power-law gas viscosity or the original water correlation.
B97: Properties used | C97: C51:C52 | D97: C13 selects Ideal Gas or Peng-Robinson. C51 and C52 link to E43 and E44, which use that method and its validity checks.
B98: Pipe velocity | C98: C50 | D98: C50 calculates average gas velocity from mass flow, density, and pipe ID. The constant 0.2486 combines lbm/hr-to-kg/s and inch-diameter-to-square-meter conversions for a circular pipe area.
B99: Reynolds number | C99: C46 | D99: C46 calculates Re = ρVD/μ using density C51, velocity C50, inside diameter C12 converted from inches to meters with 0.0254, and dynamic viscosity C52. Reynolds number determines the friction-factor method.
... B116: Key conversions | C116: E7:E10, C24:C30, C35, C46, C71:H82 | D116: The sheet uses 6,894.757293168 Pa/psi, 0.45359237 kg/lbm, 0.0254 m/in, 0.3048 m/ft, 0.062428 lb/ft³ per kg/m³, 60 min/hr, and 3,600 s/hr. Pipe length is converted from feet to inches for L/D; elevation is converted from feet to meters for pressure head.
B119: ="Property status: "&'Property calculations'!AV6 -> Property status: Gas estimate within calculation range
B120: Gas range: 250-600 K. Air/N2/Ar/He to 7000 psig; H2 to 10000 psig; other gases to 100 bar abs. See alarms and Guide.

Sheet Gas Temp Rise in Pipe
A1: GAS TEMPERATURE RISE IN HORIZONTAL PIPE
A2: Steady-state 1-D gas model with selectable properties, Darcy pressure loss and wall heat transfer
A3: Cells with an orange fill are inputs. Isothermal = constant temperature at the outside pipe/insulation surface; adiabatic ignores thermal-resistance inputs.
A4: ='Property calculations'!AV13&". Heat transfer uses low-pressure transport estimates." -> Gas estimate within calculation range. Heat transfer uses low-pressure transport estimates.
A5: INPUTS | E5: RESULTS
A6: Gas | C6: ARGON | E6: Status | G6: =IF('Property calculations'!AU13=0,'Property calculations'!AV13,IF(AND(N38>10000000,(IFERROR(IF(OR($C$7<=0,$C$9<0,$C$10<=0,$C$11<=0,$C$12<=0,$C$13<=$C$12,$C$14<0,$C$19<=0,AND($C$17="Insulated",OR($C$18<=0,$C$20<=0)),$C$21<5,$C$21>50,MOD($C$21,1)<>0),"CHECK INPUTS",IF(COUNTIF($AM$38:$AM$88,0)>0,"CHECK GAS RANGE",IF(MIN($N$38:$N$88)<=1000,"CHECK PRESSURE FLOOR",IF(MAX($T$38:$T$88)>=1,"CHECK CHOKING",IF(MAX($T$38:$T$88)>0.3,"HIGH MACH; REVIEW","OK - GAS ESTIMATE"))))),"CHECK RANGE / CONVERGENCE"))="OK - GAS ESTIMATE"),"WARNING: HIGH PRESSURE",IFERROR(IF(OR($C$7<=0,$C$9<0,$C$10<=0,$C$11<=0,$C$12<=0,$C$13<=$C$12,$C$14<0,$C$19<=0,AND($C$17="Insulated",OR($C$18<=0,$C$20<=0)),$C$21<5,$C$21>50,MOD($C$21,1)<>0),"CHECK INPUTS",IF(COUNTIF($AM$38:$AM$88,0)>0,"CHECK GAS RANGE",IF(MIN($N$38:$N$88)<=1000,"CHECK PRESSURE FLOOR",IF(MAX($T$38:$T$88)>=1,"CHECK CHOKING",IF(MAX($T$38:$T$88)>0.3,"HIGH MACH; REVIEW","OK - GAS ESTIMATE"))))),"CHECK RANGE / CONVERGENCE"))) -> OK - GAS ESTIMATE
A7: Flow rate | C7: 2 | D7: SCFM | E7: Outlet gas temperature | G7: =INDEX($L$38:$L$88,$C$21+1) -> 199.17606 | H7: °F
A8: Inlet gas temperature | C8: 5 | D8: °F | E8: Temperature change | G8: =$G$7-$C$8 -> 194.17606 | H8: °F
A9: Inlet gauge pressure | C9: 100 | D9: psig | E9: Outlet gauge pressure | G9: =INDEX($M$38:$M$88,$C$21+1) -> 99.999914 | H9: psig
A10: Atmospheric pressure | C10: 14.7 | D10: psia | E10: Pressure drop | G10: =$C$9-$G$9 -> 8.5775296e-05 | H10: psi
A11: Pipe length | C11: 100 | D11: ft | E11: Mass flow | G11: =$C$28*3600/0.45359237 -> 12.649189 | H11: lb/hr
A12: Pipe inner diameter | C12: 2.067 | D12: in | E12: Mass flow | G12: =$C$28 -> 0.001593771 | H12: kg/s
A13: Pipe outer diameter | C13: 2.375 | D13: in | E13: Heat transferred to gas | G13: =SUM($AA$38:$AA$88)/0.2930710702 -> 311.12994 | H13: Btu/hr
A14: Pipe roughness | C14: 0.0018 | D14: in | E14: Mean gas-side h | G14: =IFERROR(AVERAGEIF($Y$38:$Y$88,">0")/5.678263337,0) -> 0.24460569 | H14: Btu/(hr·ft²·°F)
A15: Boundary condition | C15: Isothermal | E15: Overall conductance (UA) | G15: =SUM($Z$38:$Z$88)/0.2930710702 -> 15.700682 | H15: Btu/(hr·°F)
A16: Boundary temperature | C16: 200 | D16: °F | E16: Maximum Mach number | G16: =MAX($T$38:$T$88) -> 0.00019806894 | H16: [-]
A17: Insulation | C17: Insulated | E17: Inlet velocity | G17: =$S$38*3.280839895 -> 0.16208281 | H17: ft/s
A18: Insulation thickness | C18: 1 | D18: in | E18: Outlet velocity | G18: =INDEX($S$38:$S$88,$C$21+1)*3.280839895 -> 0.23206389 | H18: ft/s
A19: Pipe thermal conductivity | C19: 26 | D19: Btu/(hr·ft·°F) | E19: Residence time | G19: =SUM($AH$38:$AH$88) -> 460.64035 | H19: s
A20: Insulation thermal conductivity | C20: 0.025 | D20: Btu/(hr·ft·°F) | E20: Pressure method | G20: Segmented Darcy-Weisbach
A21: Calculation segments | C21: 50 | D21: 5 to 50 | E21: Thermal method | G21: =IF($C$15="Adiabatic","Adiabatic total-enthalpy balance","Isothermal outer-surface heat transfer") -> Isothermal outer-surface heat transfer
A22: Property method | C22: Peng-Robinson | E22: Property method used | G22: =C22 -> Peng-Robinson
A24: CALCULATION DETAILS | E24: PROFILE SNAPSHOT
A25: Molecular weight | C25: =VLOOKUP(C6,'gas properties'!$B$4:$E$13,2,FALSE) -> 39.948 | D25: g/mol | E25: Point | F25: Distance (ft) | G25: Gas temp (°F) | H25: Pressure (psig)
A26: Isentropic coefficient (k) | C26: ='Property calculations'!BI13 -> 1.7045954 | D26: [-] | E26: Inlet | F26: 0 | G26: =$C$8 -> 5 | H26: =$C$9 -> 100
A27: Local property method | C27: =C22 -> Peng-Robinson | E27: Midpoint | F27: =$C$11*ROUND($C$21/2,0)/$C$21 -> 50 | G27: =INDEX($L$38:$L$88,ROUND($C$21/2,0)+1) -> 186.14205 | H27: =INDEX($M$38:$M$88,ROUND($C$21/2,0)+1) -> 99.999961
A28: Mass flow | C28: =IF($D$7="lb/hr",$C$7*0.45359237/3600,IF($D$7="kg/hr",$C$7/3600,IF($D$7="ACFM",$C$7*0.028316846592/60*$C$32,$C$7*0.028316846592/60*'Property calculations'!BC12))) -> 0.001593771 | D28: kg/s | E28: Outlet | F28: =$C$11 -> 100 | G28: =$G$7 -> 199.17606 | H28: =$G$9 -> 99.999914
A29: Flow area | C29: =PI()/4*($C$12*0.0254)^2 -> 0.0021649021 | D29: m²
A30: Segment length | C30: =$C$11*0.3048/$C$21 -> 0.6096 | D30: m | E30: MODEL NOTES
A31: Inlet Cp | C31: ='Property calculations'!BE13 -> 535.18624 | D31: J/(kg·K) | E31: Adiabatic: no wall heat transfer; insulation and boundary-temperature inputs are ignored.
A32: Inlet density | C32: ='Property calculations'!BC13 -> 14.901697 | D32: kg/m³ | E32: Properties: 250–600 K, gas states only.
A33: Inlet viscosity | C33: ='Property calculations'!BG13 -> 2.0470781e-05 | D33: Pa·s | E33: Transport uses low-pressure correlations.
A34: Inlet conductivity | C34: ='Property calculations'!BH13 -> 0.015817311 | D34: W/(m·K) | E34: Review segment count and Mach number.
A35: Inlet Reynolds number | C35: =4*$C$28/(PI()*($C$12*0.0254)*$C$33) -> 1888.1106 | D35: [-] | E35: See Guide & Setup for model limits.
J37: Node | K37: Distance_ft | L37: Gas_T_F | M37: Pressure_psig | N37: Pressure_Pa | O37: Temp_K | P37: Density | Q37: Viscosity | R37: Conductivity | S37: Velocity | T37: Mach | U37: Reynolds | V37: Prandtl | W37: Darcy_f | X37: Nusselt | Y37: h_i | Z37: UA_seg | AA37: Heat_W | AB37: q_per_mass | AC37: dP_Pa | AD37: P_next | AE37: T_no_kin | AF37: rho_prov | AG37: V_next | AH37: Residence_s | AI37: Boundary_T_F | AJ37: Cp_J_kgK | AK37: Enthalpy_J_kg | AL37: Sound_m_s | AM37: Gas screen (1 = within envelope)
J38: 0 | K38: 0 | L38: =IF($J38<=$C$21,($O38-273.15)*9/5+32,"") -> 5 | M38: =IF($J38<=$C$21,$N38/6894.757293168-$C$10,"") -> 100 | N38: =($C$9+$C$10)*6894.757293168 -> 790828.66 | O38: =($C$8-32)*5/9+273.15 -> 258.15 | P38: =IF($J38<=$C$21,'Property calculations'!BC13,"") -> 14.901697 | Q38: =IF($J38<=$C$21,'Property calculations'!BG13,"") -> 2.0470781e-05 | R38: =IF($J38<=$C$21,'Property calculations'!BH13,"") -> 0.015817311 | S38: =IF($J38<=$C$21,$C$28/($P38*$C$29),"") -> 0.049402842 | T38: =IF($J38<=$C$21,$S38/$AL38,"") -> 0.00016525578 | U38: =IF($J38<=$C$21,$P38*$S38*($C$12*0.0254)/$Q38,"") -> 1888.1106 | V38: =IF($J38<=$C$21,$AJ38*$Q38/$R38,"") -> 0.6926386 | W38: =IF($J38<=$C$21,IF($U38<2300,64/$U38,0.25/(LOG10(($C$14/$C$12)/3.7+5.74/$U38^0.9)^2)),"") -> 0.033896319 | X38: =IF($J38<=$C$21,IF($U38<2300,3.66,IF($U38>=10000,0.023*$U38^0.8*$V38^IF((($C$16-32)*5/9+273.15)>$O38,0.4,0.3),3.66+($U38-2300)/(10000-2300)*(0.023*10000^0.8*$V38^IF((($C$16-32)*5/9+273.15)>$O38,0.4,0.3)-3.66))),"") -> 3.66 | Y38: =IF($J38<=$C$21,$X38*$R38/($C$12*0.0254),"") -> 1.1026547 | Z38: =IF(OR($J38>=$C$21,$C$15="Adiabatic"),0,1/(1/($Y38*2*PI()*($C$12*0.0254/2)*$C$30)+LN(($C$13*0.0254/2)/($C$12*0.0254/2))/(2*PI()*($C$19*1.730734666)*$C$30)+IF($C$17="Insulated",LN((($C$13*0.0254/2)+$C$18*0.0254)/($C$13*0.0254/2))/(2*PI()*($C$20*1.730734666)*$C$30),0))) -> 0.078698565 | AA38: =IF($J38>=$C$21,0,IF($C$15="Adiabatic",0,$C$28*$AJ38*((($C$16-32)*5/9+273.15)-$O38)*(1-EXP(-$Z38/($C$28*$AJ38))))) -> 8.1441902 | AB38: =IF($J38>=$C$21,0,$AA38/$C$28) -> 5110.0129 | AC38: =IF($J38>=$C$21,0,$W38*($C$30/($C$12*0.0254))*($P38*$S38^2/2)) -> 0.0071570309 | AD38: =IF($J38>=$C$21,$N38,MAX(1000,$N38-$AC38)) -> 790828.65 | AE38: =IF($J38>=$C$21,$O38,$O39) -> 267.70888 | AF38: =IF($J38>=$C$21,$P38,$P39) -> 14.347911 | AG38: =IF($J38>=$C$21,$S38,$C$28/($AF38*$C$29)) -> 0.051309642 | AH38: =IF($J38>=$C$21,0,$C$30/AVERAGE($S38,$AG38)) -> 12.105748 | AI38: =IF($J38<=$C$21,IF($C$15="Adiabatic","",$C$16),"") -> 200 | AJ38: =IF($J38<=$C$21,'Property calculations'!BE13,"") -> 535.18624 | AK38: =IF($J38<=$C$21,'Property calculations'!BD13,"") -> -23133.709 | AL38: =IF($J38<=$C$21,'Property calculations'!BF13,"") -> 298.94773 | AM38: =IF($J38<=$C$21,'Property calculations'!AU13,"") -> 1
J39: =J38+1 -> 1 | K39: =IF($J39<=$C$21,$J39*$C$11/$C$21,"") -> 2 | L39: =IF($J39<=$C$21,($O39-273.15)*9/5+32,"") -> 22.205991 | M39: =IF($J39<=$C$21,$N39/6894.757293168-$C$10,"") -> 99.999999 | N39: =IF($J39<=$C$21,$AD38,"") -> 790828.65 | O39: =IF(J39<=$C$21,IF(AND('Property calculations'!AU22=1,ABS('Property calculations'!BA22)<0.1),'Property calculations'!C22,NA()),"") -> 267.70888 | P39: =IF($J39<=$C$21,'Property calculations'!BC22,"") -> 14.347911 | Q39: =IF($J39<=$C$21,'Property calculations'!BG22,"") -> 2.0998481e-05 | R39: =IF($J39<=$C$21,'Property calculations'!BH22,"") -> 0.016284153 | S39: =IF($J39<=$C$21,$C$28/($P39*$C$29),"") -> 0.051309642 | T39: =IF($J39<=$C$21,$S39/$AL39,"") -> 0.0001684487 | U39: =IF($J39<=$C$21,$P39*$S39*($C$12*0.0254)/$Q39,"") -> 1840.6617 | V39: =IF($J39<=$C$21,$AJ39*$Q39/$R39,"") -> 0.68859899 | W39: =IF($J39<=$C$21,IF($U39<2300,64/$U39,0.25/(LOG10(($C$14/$C$12)/3.7+5.74/$U39^0.9)^2)),"") -> 0.034770105 | X39: =IF($J39<=$C$21,IF($U39<2300,3.66,IF($U39>=10000,0.023*$U39^0.8*$V39^IF((($C$16-32)*5/9+273.15)>$O39,0.4,0.3),3.66+($U39-2300)/(10000-2300)*(0.023*10000^0.8*$V39^IF((($C$16-32)*5/9+273.15)>$O39,0.4,0.3)-3.66))),"") -> 3.66 | Y39: =IF($J39<=$C$21,$X39*$R39/($C$12*0.0254),"") -> 1.1351992 | Z39: =IF(OR($J39>=$C$21,$C$15="Adiabatic"),0,1/(1/($Y39*2*PI()*($C$12*0.0254/2)*$C$30)+LN(($C$13*0.0254/2)/($C$12*0.0254/2))/(2*PI()*($C$19*1.730734666)*$C$30)+IF($C$17="Insulated",LN((($C$13*0.0254/2)+$C$18*0.0254)/($C$13*0.0254/2))/(2*PI()*($C$20*1.730734666)*$C$30),0))) -> 0.080333344 | AA39: =IF($J39>=$C$21,0,IF($C$15="Adiabatic",0,$C$28*$AJ39*((($C$16-32)*5/9+273.15)-$O39)*(1-EXP(-$Z39/($C$28*$AJ39))))) -> 7.5719046 | AB39: =IF($J39>=$C$21,0,$AA39/$C$28) -> 4750.9364 | AC39: =IF($J39>=$C$21,0,$W39*($C$30/($C$12*0.0254))*($P39*$S39^2/2)) -> 0.0076248869 | AD39: =IF($J39>=$C$21,$N39,MAX(1000,$N39-$AC39)) -> 790828.65 | AE39: =IF($J39>=$C$21,$O39,$O40) -> 276.61405 | AF39: =IF($J39>=$C$21,$P39,$P40) -> 13.868833 | AG39: =IF($J39>=$C$21,$S39,$C$28/($AF39*$C$29)) -> 0.053082054 | AH39: =IF($J39>=$C$21,0,$C$30/AVERAGE($S39,$AG39)) -> 11.67909 | AI39: =IF($J39<=$C$21,IF($C$15="Adiabatic","",$C$16),"") -> 200 | AJ39: =IF($J39<=$C$21,'Property calculations'!BE22,"") -> 534.003 | AK39: =IF($J39<=$C$21,'Property calculations'!BD22,"") -> -18023.697 | AL39: =IF($J39<=$C$21,'Property calculations'!BF22,"") -> 304.601 | AM39: =IF($J39<=$C$21,'Property calculations'!AU22,"") -> 1
J40: =J39+1 -> 2 | K40: =IF($J40<=$C$21,$J40*$C$11/$C$21,"") -> 4 | L40: =IF($J40<=$C$21,($O40-273.15)*9/5+32,"") -> 38.235296 | M40: =IF($J40<=$C$21,$N40/6894.757293168-$C$10,"") -> 99.999998 | N40: =IF($J40<=$C$21,$AD39,"") -> 790828.65 | O40: =IF(J40<=$C$21,IF(AND('Property calculations'!AU31=1,ABS('Property calculations'!BA31)<0.1),'Property calculations'!C31,NA()),"") -> 276.61405 | P40: =IF($J40<=$C$21,'Property calculations'!BC31,"") -> 13.868833 | Q40: =IF($J40<=$C$21,'Property calculations'!BG31,"") -> 2.1485026e-05 | R40: =IF($J40<=$C$21,'Property calculations'!BH31,"") -> 0.016716076 | S40: =IF($J40<=$C$21,$C$28/($P40*$C$29),"") -> 0.053082054 | T40: =IF($J40<=$C$21,$S40/$AL40,"") -> 0.00017136343 | U40: =IF($J40<=$C$21,$P40*$S40*($C$12*0.0254)/$Q40,"") -> 1798.9784 | V40: =IF($J40<=$C$21,$AJ40*$Q40/$R40,"") -> 0.68508761 | W40: =IF($J40<=$C$21,IF($U40<2300,64/$U40,0.25/(LOG10(($C$14/$C$12)/3.7+5.74/$U40^0.9)^2)),"") -> 0.035575746 | X40: =IF($J40<=$C$21,IF($U40<2300,3.66,IF($U40>=10000,0.023*$U40^0.8*$V40^IF((($C$16-32)*5/9+273.15)>$O40,0.4,0.3),3.66+($U40-2300)/(10000-2300)*(0.023*10000^0.8*$V40^IF((($C$16-32)*5/9+273.15)>$O40,0.4,0.3)-3.66))),"") -> 3.66 | Y40: =IF($J40<=$C$21,$X40*$R40/($C$12*0.0254),"") -> 1.1653094 | Z40: =IF(OR($J40>=$C$21,$C$15="Adiabatic"),0,1/(1/($Y40*2*PI()*($C$12*0.0254/2)*$C$30)+LN(($C$13*0.0254/2)/($C$12*0.0254/2))/(2*PI()*($C$19*1.730734666)*$C$30)+IF($C$17="Insulated",LN((($C$13*0.0254/2)+$C$18*0.0254)/($C$13*0.0254/2))/(2*PI()*($C$20*1.730734666)*$C$30),0))) -> 0.08182131 | AA40: =IF($J40>=$C$21,0,IF($C$15="Adiabatic",0,$C$28*$AJ40*((($C$16-32)*5/9+273.15)-$O40)*(1-EXP(-$Z40/($C$28*$AJ40))))) -> 7.0102082 | AB40: =IF($J40>=$C$21,0,$AA40/$C$28) -> 4398.5041 | AC40: =IF($J40>=$C$21,0,$W40*($C$30/($C$12*0.0254))*($P40*$S40^2/2)) -> 0.0080710522 | AD40: =IF($J40>=$C$21,$N40,MAX(1000,$N40-$AC40)) -> 790828.64 | AE40: =IF($J40>=$C$21,$O40,$O41) -> 284.87254 | AF40: =IF($J40>=$C$21,$P40,$P41) -> 13.453036 | AG40: =IF($J40>=$C$21,$S40,$C$28/($AF40*$C$29)) -> 0.054722677 | AH40: =IF($J40>=$C$21,0,$C$30/AVERAGE($S40,$AG40)) -> 11.309337 | AI40: =IF($J40<=$C$21,IF($C$15="Adiabatic","",$C$16),"") -> 200 | AJ40: =IF($J40<=$C$21,'Property calculations'!BE31,"") -> 533.02131 | AK40: =IF($J40<=$C$21,'Property calculations'!BD31,"") -> -13272.76 | AL40: =IF($J40<=$C$21,'Property calculations'!BF31,"") -> 309.76302 | AM40: =IF($J40<=$C$21,'Property calculations'!AU31,"") -> 1
J41: =J40+1 -> 3 | K41: =IF($J41<=$C$21,$J41*$C$11/$C$21,"") -> 6 | L41: =IF($J41<=$C$21,($O41-273.15)*9/5+32,"") -> 53.100568 | M41: =IF($J41<=$C$21,$N41/6894.757293168-$C$10,"") -> 99.999997 | N41: =IF($J41<=$C$21,$AD40,"") -> 790828.64 | O41: =IF(J41<=$C$21,IF(AND('Property calculations'!AU40=1,ABS('Property calculations'!BA40)<0.1),'Property calculations'!C40,NA()),"") -> 284.87254 | P41: =IF($J41<=$C$21,'Property calculations'!BC40,"") -> 13.453036 | Q41: =IF($J41<=$C$21,'Property calculations'!BG40,"") -> 2.1932055e-05 | R41: =IF($J41<=$C$21,'Property calculations'!BH40,"") -> 0.017114154 | S41: =IF($J41<=$C$21,$C$28/($P41*$C$29),"") -> 0.054722677 | T41: =IF($J41<=$C$21,$S41/$AL41,"") -> 0.00017401807 | U41: =IF($J41<=$C$21,$P41*$S41*($C$12*0.0254)/$Q41,"") -> 1762.3108 | V41: =IF($J41<=$C$21,$AJ41*$Q41/$R41,"") -> 0.68202337 | W41: =IF($J41<=$C$21,IF($U41<2300,64/$U41,0.25/(LOG10(($C$14/$C$12)/3.7+5.74/$U41^0.9)^2)),"") -> 0.036315954 | X41: =IF($J41<=$C$21,IF($U41<2300,3.66,IF($U41>=10000,0.023*$U41^0.8*$V41^IF((($C$16-32)*5/9+273.15)>$O41,0.4,0.3),3.66+($U41-2300)/(10000-2300)*(0.023*10000^0.8*$V41^IF((($C$16-32)*5/9+273.15)>$O41,0.4,0.3)-3.66))),"") -> 3.66 | Y41: =IF($J41<=$C$21,$X41*$R41/($C$12*0.0254),"") -> 1.1930601 | Z41: =IF(OR($J41>=$C$21,$C$15="Adiabatic"),0,1/(1/($Y41*2*PI()*($C$12*0.0254/2)*$C$30)+LN(($C$13*0.0254/2)/($C$12*0.0254/2))/(2*PI()*($C$19*1.730734666)*$C$30)+IF($C$17="Insulated",LN((($C$13*0.0254/2)+$C$18*0.0254)/($C$13*0.0254/2))/(2*PI()*($C$20*1.730734666)*$C$30),0))) -> 0.083172283 | AA41: =IF($J41>=$C$21,0,IF($C$15="Adiabatic",0,$C$28*$AJ41*((($C$16-32)*5/9+273.15)-$O41)*(1-EXP(-$Z41/($C$28*$AJ41))))) -> 6.4655797 | AB41: =IF($J41>=$C$21,0,$AA41/$C$28) -> 4056.7809 | AC41: =IF($J41>=$C$21,0,$W41*($C$30/($C$12*0.0254))*($P41*$S41^2/2)) -> 0.0084936277 | AD41: =IF($J41>=$C$21,$N41,MAX(1000,$N41-$AC41)) -> 790828.63 | AE41: =IF($J41>=$C$21,$O41,$O42) -> 292.50021 | AF41: =IF($J41>=$C$21,$P41,$P42) -> 13.091105 | AG41: =IF($J41>=$C$21,$S41,$C$28/($AF41*$C$29)) -> 0.056235603 | AH41: =IF($J41>=$C$21,0,$C$30/AVERAGE($S41,$AG41)) -> 10.987914 | AI41: =IF($J41<=$C$21,IF($C$15="Adiabatic","",$C$16),"") -> 200 | AJ41: =IF($J41<=$C$21,'Property calculations'!BE40,"") -> 532.20059 | AK41: =IF($J41<=$C$21,'Property calculations'!BD40,"") -> -8874.2563 | AL41: =IF($J41<=$C$21,'Property calculations'!BF40,"") -> 314.46549 | AM41: =IF($J41<=$C$21,'Property calculations'!AU40,"") -> 1
J42: =J41+1 -> 4 | K42: =IF($J42<=$C$21,$J42*$C$11/$C$21,"") -> 8 | L42: =IF($J42<=$C$21,($O42-273.15)*9/5+32,"") -> 66.830386 | M42: =IF($J42<=$C$21,$N42/6894.757293168-$C$10,"") -> 99.999995 | N42: =IF($J42<=$C$21,$AD41,"") -> 790828.63 | O42: =IF(J42<=$C$21,IF(AND('Property calculations'!AU49=1,ABS('Property calculations'!BA49)<0.1),'Property calculations'!C49,NA()),"") -> 292.50021 | P42: =IF($J42<=$C$21,'Property calculations'!BC49,"") -> 13.091105 | Q42: =IF($J42<=$C$21,'Property calculations'!BG49,"") -> 2.2341496e-05 | R42: =IF($J42<=$C$21,'Property calculations'!BH49,"") -> 0.017479778 | S42: =IF($J42<=$C$21,$C$28/($P42*$C$29),"") -> 0.056235603 | T42: =IF($J42<=$C$21,$S42/$AL42,"") -> 0.0001764308 | U42: =IF($J42<=$C$21,$P42*$S42*($C$12*0.0254)/$Q42,"") -> 1730.0139 | V42: =IF($J42<=$C$21,$AJ42*$Q42/$R42,"") -> 0.67934059 | W42: =IF($J42<=$C$21,IF($U42<2300,64/$U42,0.25/(LOG10(($C$14/$C$12)/3.7+5.74/$U42^0.9)^2)),"") -> 0.036993923 | X42: =IF($J42<=$C$21,IF($U42<2300,3.66,IF($U42>=10000,0.023*$U42^0.8*$V42^IF((($C$16-32)*5/9+273.15)>$O42,0.4,0.3),3.66+($U42-2300)/(10000-2300)*(0.023*10000^0.8*$V42^IF((($C$16-32)*5/9+273.15)>$O42,0.4,0.3)-3.66))),"") -> 3.66 | Y42: =IF($J42<=$C$21,$X42*$R42/($C$12*0.0254),"") -> 1.2185484 | Z42: =IF(OR($J42>=$C$21,$C$15="Adiabatic"),0,1/(1/($Y42*2*PI()*($C$12*0.0254/2)*$C$30)+LN(($C$13*0.0254/2)/($C$12*0.0254/2))/(2*PI()*($C$19*1.730734666)*$C$30)+IF($C$17="Insulated",LN((($C$13*0.0254/2)+$C$18*0.0254)/($C$13*0.0254/2))/(2*PI()*($C$20*1.730734666)*$C$30),0))) -> 0.08439625 | AA42: =IF($J42>=$C$21,0,IF($C$15="Adiabatic",0,$C$28*$AJ42*((($C$16-32)*5/9+273.15)-$O42)*(1-EXP(-$Z42/($C$28*$AJ42))))) -> 5.9429381 | AB42: =IF($J42>=$C$21,0,$AA42/$C$28) -> 3728.8533 | AC42: =IF($J42>=$C$21,0,$W42*($C$30/($C$12*0.0254))*($P42*$S42^2/2)) -> 0.0088914003 | AD42: =IF($J42>=$C$21,$N42,MAX(1000,$N42-$AC42)) -> 790828.62 | AE42: =IF($J42>=$C$21,$O42,$O43) -> 299.51972 | AF42: =IF($J42>=$C$21,$P42,$P43) -> 12.775232 | AG42: =IF($J42>=$C$21,$S42,$C$28/($AF42*$C$29)) -> 0.05762605 | AH42: =IF($J42>=$C$21,0,$C$30/AVERAGE($S42,$AG42)) -> 10.707731 | AI42: =IF($J42<=$C$21,IF($C$15="Adiabatic","",$C$16),"") -> 200 | AJ42: =IF($J42<=$C$21,'Property calculations'!BE49,"") -> 531.50973 | AK42: =IF($J42<=$C$21,'Property calculations'!BD49,"") -> -4817.4756 | AL42: =IF($J42<=$C$21,'Property calculations'!BF49,"") -> 318.74029 | AM42: =IF($J42<=$C$21,'Property calculations'!AU49,"") -> 1
J43: =J42+1 -> 5 | K43: =IF($J43<=$C$21,$J43*$C$11/$C$21,"") -> 10 | L43: =IF($J43<=$C$21,($O43-273.15)*9/5+32,"") -> 79.46549 | M43: =IF($J43<=$C$21,$N43/6894.757293168-$C$10,"") -> 99.999994 | N43: =IF($J43<=$C$21,$AD42,"") -> 790828.62 | O43: =IF(J43<=$C$21,IF(AND('Property calculations'!AU58=1,ABS('Property calculations'!BA58)<0.1),'Property calculations'!C58,NA()),"") -> 299.51972 | P43: =IF($J43<=$C$21,'Property calculations'!BC58,"") -> 12.775232 | Q43: =IF($J43<=$C$21,'Property calculations'!BG58,"") -> 2.2715469e-05 | R43: =IF($J43<=$C$21,'Property calculations'!BH58,"") -> 0.017814568 | S43: =IF($J43<=$C$21,$C$28/($P43*$C$29),"") -> 0.05762605 | T43: =IF($J43<=$C$21,$S43/$AL43,"") -> 0.00017861954 | U43: =IF($J43<=$C$21,$P43*$S43*($C$12*0.0254)/$Q43,"") -> 1701.532 | V43: =IF($J43<=$C$21,$AJ43*$Q43/$R43,"") -> 0.67698534 | W43: =IF($J43<=$C$21,IF($U43<2300,64/$U43,0.25/(LOG10(($C$14/$C$12)/3.7+5.74/$U43^0.9)^2)),"") -> 0.037613162 | X43: =IF($J43<=$C$21,IF($U43<2300,3.66,IF($U43>=10000,0.023*$U43^0.8*$V43^IF((($C$16-32)*5/9+273.15)>$O43,0.4,0.3),3.66+($U43-2300)/(10000-2300)*(0.023*10000^0.8*$V43^IF((($C$16-32)*5/9+273.15)>$O43,0.4,0.3)-3.66))),"") -> 3.66 | Y43: =IF($J43<=$C$21,$X43*$R43/($C$12*0.0254),"") -> 1.2418873 | Z43: =IF(OR($J43>=$C$21,$C$15="Adiabatic"),0,1/(1/($Y43*2*PI()*($C$12*0.0254/2)*$C$30)+LN(($C$13*0.0254/2)/($C$12*0.0254/2))/(2*PI()*($C$19*1.730734666)*$C$30)+IF($C$17="Insulated",LN((($C$13*0.0254/2)+$C$18*0.0254)/($C$13*0.0254/2))/(2*PI()*($C$20*1.730734666)*$C$30),0))) -> 0.085503104 | AA43: =IF($J43>=$C$21,0,IF($C$15="Adiabatic",0,$C$28*$AJ43*((($C$16-32)*5/9+273.15)-$O43)*(1-EXP(-$Z43/($C$28*$AJ43))))) -> 5.4458223 | AB43: =IF($J43>=$C$21,0,$AA43/$C$28) -> 3416.9416 | AC43: =IF($J43>=$C$21,0,$W43*($C$30/($C$12*0.0254))*($P43*$S43^2/2)) -> 0.0092637561 | AD43: =IF($J43>=$C$21,$N43,MAX(1000,$N43-$AC43)) -> 790828.61 | AE43: =IF($J43>=$C$21,$O43,$O44) -> 305.95861 | AF43: =IF($J43>=$C$21,$P43,$P44) -> 12.498906 | AG43: =IF($J43>=$C$21,$S43,$C$28/($AF43*$C$29)) -> 0.058900046 | AH43: =IF($J43>=$C$21,0,$C$30/AVERAGE($S43,$AG43)) -> 10.462892 | AI43: =IF($J43<=$C$21,IF($C$15="Adiabatic","",$C$16),"") -> 200 | AJ43: =IF($J43<=$C$21,'Property calculations'!BE58,"") -> 530.92459 | AK43: =IF($J43<=$C$21,'Property calculations'!BD58,"") -> -1088.6224 | AL43: =IF($J43<=$C$21,'Property calculations'!BF58,"") -> 322.61896 | AM43: =IF($J43<=$C$21,'Property calculations'!AU58,"") -> 1
J44: =J43+1 -> 6 | K44: =IF($J44<=$C$21,$J44*$C$11/$C$21,"") -> 12 | L44: =IF($J44<=$C$21,($O44-273.15)*9/5+32,"") -> 91.05549 | M44: =IF($J44<=$C$21,$N44/6894.757293168-$C$10,"") -> 99.999993 | N44: =IF($J44<=$C$21,$AD43,"") -> 790828.61 | O44: =IF(J44<=$C$21,IF(AND('Property calculations'!AU67=1,ABS('Property calculations'!BA67)<0.1),'Property calculations'!C67,NA()),"") -> 305.95861 | P44: =IF($J44<=$C$21,'Property calculations'!BC67,"") -> 12.498906 | Q44: =IF($J44<=$C$21,'Property calculations'!BG67,"") -> 2.3056203e-05 | R44: =IF($J44<=$C$21,'Property calculations'!BH67,"") -> 0.018120288 | S44: =IF($J44<=$C$21,$C$28/($P44*$C$29),"") -> 0.058900046 | T44: =IF($J44<=$C$21,$S44/$AL44,"") -> 0.00018060175 | U44: =IF($J44<=$C$21,$P44*$S44*($C$12*0.0254)/$Q44,"") -> 1676.3861 | V44: =IF($J44<=$C$21,$AJ44*$Q44/$R44,"") -> 0.67491289 | W44: =IF($J44<=$C$21,IF($U44<2300,64/$U44,0.25/(LOG10(($C$14/$C$12)/3.7+5.74/$U44^0.9)^2)),"") -> 0.038177363 | X44: =IF($J44<=$C$21,IF($U44<2300,3.66,IF($U44>=10000,0.023*$U44^0.8*$V44^IF((($C$16-32)*5/9+273.15)>$O44,0.4,0.3),3.66+($U44-2300)/(10000-2300)*(0.023*10000^0.8*$V44^IF((($C$16-32)*5/9+273.15)>$O44,0.4,0.3)-3.66))),"") -> 3.66 | Y44: =IF($J44<=$C$21,$X44*$R44/($C$12*0.0254),"") -> 1.2631996 | Z44: =IF(OR($J44>=$C$21,$C$15="Adiabatic"),0,1/(1/($Y44*2*PI()*($C$12*0.0254/2)*$C$30)+LN(($C$13*0.0254/2)/($C$12*0.0254/2))/(2*PI()*($C$19*1.730734666)*$C$30)+IF($C$17="Insulated",LN((($C$13*0.0254/2)+$C$18*0.0254)/($C$13*0.0254/2))/(2*PI()*($C$20*1.730734666)*$C$30),0))) -> 0.086502455 | AA44: =IF($J44>=$C$21,0,IF($C$15="Adiabatic",0,$C$28*$AJ44*((($C$16-32)*5/9+273.15)-$O44)*(1-EXP(-$Z44/($C$28*$AJ44))))) -> 4.9765841 | AB44: =IF($J44>=$C$21,0,$AA44/$C$28) -> 3122.5215 | AC44: =IF($J44>=$C$21,0,$W44*($C$30/($C$12*0.0254))*($P44*$S44^2/2)) -> 0.0096105884 | AD44: =IF($J44>=$C$21,$N44,MAX(1000,$N44-$AC44)) -> 790828.6 | AE44: =IF($J44>=$C$21,$O44,$O45) -> 311.84781 | AF44: =IF($J44>=$C$21,$P44,$P45) -> 12.256663 | AG44: =IF($J44>=$C$21,$S44,$C$28/($AF44*$C$29)) -> 0.06006416 | AH44: =IF($J44>=$C$21,0,$C$30/AVERAGE($S44,$AG44)) -> 10.248461 | AI44: =IF($J44<=$C$21,IF($C$15="Adiabatic","",$C$16),"") -> 200 | AJ44: =IF($J44<=$C$21,'Property calculations'!BE67,"") -> 530.42627 | AK44: =IF($J44<=$C$21,'Property calculations'!BD67,"") -> 2328.3191 | AL44: =IF($J44<=$C$21,'Property calculations'!BF67,"") -> 326.13221 | AM44: =IF($J44<=$C$21,'Property calculations'!AU67,"") -> 1
J45: =J44+1 -> 7 | K45: =IF($J45<=$C$21,$J45*$C$11/$C$21,"") -> 14 | L45: =IF($J45<=$C$21,($O45-273.15)*9/5+32,"") -> 101.65606 | M45: =IF($J45<=$C$21,$N45/6894.757293168-$C$10,"") -> 99.999991 | N45: =IF($J45<=$C$21,$AD44,"") -> 790828.6 | O45: =IF(J45<=$C$21,IF(AND('Property calculations'!AU76=1,ABS('Property calculations'!BA76)<0.1),'Property calculations'!C76,NA()),"") -> 311.84781 | P45: =IF($J45<=$C$21,'Property calculations'!BC76,"") -> 12.256663 | Q45: =IF($J45<=$C$21,'Property calculations'!BG76,"") -> 2.336597e-05 | R45: =IF($J45<=$C$21,'Property calculations'!BH76,"") -> 0.018398784 | S45: =IF($J45<=$C$21,$C$28/($P45*$C$29),"") -> 0.06006416 | T45: =IF($J45<=$C$21,$S45/$AL45,"") -> 0.0001823942 | U45: =IF($J45<=$C$21,$P45*$S45*($C$12*0.0254)/$Q45,"") -> 1654.162 | V45: =IF($J45<=$C$21,$AJ45*$Q45/$R45,"") -> 0.67308572 | W45: =IF($J45<=$C$21,IF($U45<2300,64/$U45,0.25/(LOG10(($C$14/$C$12)/3.7+5.74/$U45^0.9)^2)),"") -> 0.038690286 | X45: =IF($J45<=$C$21,IF($U45<2300,3.66,IF($U45>=10000,0.023*$U45^0.8*$V45^IF((($C$16-32)*5/9+273.15)>$O45,0.4,0.3),3.66+($U45-2300)/(10000-2300)*(0.023*10000^0.8*$V45^IF((($C$16-32)*5/9+273.15)>$O45,0.4,0.3)-3.66))),"") -> 3.66 | Y45: =IF($J45<=$C$21,$X45*$R45/($C$12*0.0254),"") -> 1.2826141 | Z45: =IF(OR($J45>=$C$21,$C$15="Adiabatic"),0,1/(1/($Y45*2*PI()*($C$12*0.0254/2)*$C$30)+LN(($C$13*0.0254/2)/($C$12*0.0254/2))/(2*PI()*($C$19*1.730734666)*$C$30)+IF($C$17="Insulated",LN((($C$13*0.0254/2)+$C$18*0.0254)/($C$13*0.0254/2))/(2*PI()*($C$20*1.730734666)*$C$30),0))) -> 0.087403499 | AA45: =IF($J45>=$C$21,0,IF($C$15="Adiabatic",0,$C$28*$AJ45*((($C$16-32)*5/9+273.15)-$O45)*(1-EXP(-$Z45/($C$28*$AJ45))))) -> 4.5365817 | AB45: =IF($J45>=$C$21,0,$AA45/$C$28) -> 2846.4452 | AC45: =IF($J45>=$C$21,0,$W45*($C$30/($C$12*0.0254))*($P45*$S45^2/2)) -> 0.0099322071 | AD45: =IF($J45>=$C$21,$N45,MAX(1000,$N45-$AC45)) -> 790828.59 | AE45: =IF($J45>=$C$21,$O45,$O46) -> 317.22034 | AF45: =IF($J45>=$C$21,$P45,$P46) -> 12.043894 | AG45: =IF($J45>=$C$21,$S45,$C$28/($AF45*$C$29)) -> 0.061125263 | AH45: =IF($J45>=$C$21,0,$C$30/AVERAGE($S45,$AG45)) -> 10.060284 | AI45: =IF($J45<=$C$21,IF($C$15="Adiabatic","",$C$16),"") -> 200 | AJ45: =IF($J45<=$C$21,'Property calculations'!BE76,"") -> 529.99977 | AK45: =IF($J45<=$C$21,'Property calculations'!BD76,"") -> 5450.8405 | AL45: =IF($J45<=$C$21,'Property calculations'!BF76,"") -> 329.30959 | AM45: =IF($J45<=$C$21,'Property calculations'!AU76,"") -> 1
J46: =J45+1 -> 8 | K46: =IF($J46<=$C$21,$J46*$C$11/$C$21,"") -> 16 | L46: =IF($J46<=$C$21,($O46-273.15)*9/5+32,"") -> 111.32662 | M46: =IF($J46<=$C$21,$N46/6894.757293168-$C$10,"") -> 99.99999 | N46: =IF($J46<=$C$21,$AD45,"") -> 790828.59 | O46: =IF(J46<=$C$21,IF(AND('Property calculations'!AU85=1,ABS('Property calculations'!BA85)<0.1),'Property calculations'!C85,NA()),"") -> 317.22034 | P46: =IF($J46<=$C$21,'Property calculations'!BC85,"") -> 12.043894 | Q46: =IF($J46<=$C$21,'Property calculations'!BG85,"") -> 2.3647032e-05 | R46: =IF($J46<=$C$21,'Property calculations'!BH85,"") -> 0.01865193 | S46: =IF($J46<=$C$21,$C$28/($P46*$C$29),"") -> 0.061125263 | T46: =IF($J46<=$C$21,$S46/$AL46,"") -> 0.00018401286 | U46: =IF($J46<=$C$21,$P46*$S46*($C$12*0.0254)/$Q46,"") -> 1634.501 | V46: =IF($J46<=$C$21,$AJ46*$Q46/$R46,"") -> 0.67147215 | W46: =IF($J46<=$C$21,IF($U46<2300,64/$U46,0.25/(LOG10(($C$14/$C$12)/3.7+5.74/$U46^0.9)^2)),"") -> 0.03915568 | X46: =IF($J46<=$C$21,IF($U46<2300,3.66,IF($U46>=10000,0.023*$U46^0.8*$V46^IF((($C$16-32)*5/9+273.15)>$O46,0.4,0.3),3.66+($U46-2300)/(10000-2300)*(0.023*10000^0.8*$V46^IF((($C$16-32)*5/9+273.15)>$O46,0.4,0.3)-3.66))),"") -> 3.66 | Y46: =IF($J46<=$C$21,$X46*$R46/($C$12*0.0254),"") -> 1.3002614 | Z46: =IF(OR($J46>=$C$21,$C$15="Adiabatic"),0,1/(1/($Y46*2*PI()*($C$12*0.0254/2)*$C$30)+LN(($C$13*0.0254/2)/($C$12*0.0254/2))/(2*PI()*($C$19*1.730734666)*$C$30)+IF($C$17="Insulated",LN((($C$13*0.0254/2)+$C$18*0.0254)/($C$13*0.0254/2))/(2*PI()*($C$20*1.730734666)*$C$30),0))) -> 0.088214933 | AA46: =IF($J46>=$C$21,0,IF($C$15="Adiabatic",0,$C$28*$AJ46*((($C$16-32)*5/9+273.15)-$O46)*(1-EXP(-$Z46/($C$28*$AJ46))))) -> 4.126362 | AB46: =IF($J46>=$C$21,0,$AA46/$C$28) -> 2589.0558 | AC46: =IF($J46>=$C$21,0,$W46*($C$30/($C$12*0.0254))*($P46*$S46^2/2)) -> 0.010229253 | AD46: =IF($J46>=$C$21,$N46,MAX(1000,$N46-$AC46)) -> 790828.58 | AE46: =IF($J46>=$C$21,$O46,$O47) -> 322.11021 | AF46: =IF($J46>=$C$21,$P46,$P47) -> 11.856692 | AG46: =IF($J46>=$C$21,$S46,$C$28/($AF46*$C$29)) -> 0.062090349 | AH46: =IF($J46>=$C$21,0,$C$30/AVERAGE($S46,$AG46)) -> 9.89485 | AI46: =IF($J46<=$C$21,IF($C$15="Adiabatic","",$C$16),"") -> 200 | AJ46: =IF($J46<=$C$21,'Property calculations'!BE85,"") -> 529.63313 | AK46: =IF($J46<=$C$21,'Property calculations'!BD85,"") -> 8297.2856 | AL46: =IF($J46<=$C$21,'Property calculations'!BF85,"") -> 332.17929 | AM46: =IF($J46<=$C$21,'Property calculations'!AU85,"") -> 1
J47: =J46+1 -> 9 | K47: =IF($J47<=$C$21,$J47*$C$11/$C$21,"") -> 18 | L47: =IF($J47<=$C$21,($O47-273.15)*9/5+32,"") -> 120.12838 | M47: =IF($J47<=$C$21,$N47/6894.757293168-$C$10,"") -> 99.999989 | N47: =IF($J47<=$C$21,$AD46,"") -> 790828.58 | O47: =IF(J47<=$C$21,IF(AND('Property calculations'!AU94=1,ABS('Property calculations'!BA94)<0.1),'Property calculations'!C94,NA()),"") -> 322.11021 | P47: =IF($J47<=$C$21,'Property calculations'!BC94,"") -> 11.856692 | Q47: =IF($J47<=$C$21,'Property calculations'!BG94,"") -> 2.3901605e-05 | R47: =IF($J47<=$C$21,'Property calculations'!BH94,"") -> 0.018881589 | S47: =IF($J47<=$C$21,$C$28/($P47*$C$29),"") -> 0.062090349 | T47: =IF($J47<=$C$21,$S47/$AL47,"") -> 0.00018547282 | U47: =IF($J47<=$C$21,$P47*$S47*($C$12*0.0254)/$Q47,"") -> 1617.0922 | V47: =IF($J47<=$C$21,$AJ47*$Q47/$R47,"") -> 0.6700452 | W47: =IF($J47<=$C$21,IF($U47<2300,64/$U47,0.25/(LOG10(($C$14/$C$12)/3.7+5.74/$U47^0.9)^2)),"") -> 0.039577212 | X47: =IF($J47<=$C$21,IF($U47<2300,3.66,IF($U47>=10000,0.023*$U47^0.8*$V47^IF((($C$16-32)*5/9+273.15)>$O47,0.4,0.3),3.66+($U47-2300)/(10000-2300)*(0.023*10000^0.8*$V47^IF((($C$16-32)*5/9+273.15)>$O47,0.4,0.3)-3.66))),"") -> 3.66 | Y47: =IF($J47<=$C$21,$X47*$R47/($C$12*0.0254),"") -> 1.3162714 | Z47: =IF(OR($J47>=$C$21,$C$15="Adiabatic"),0,1/(1/($Y47*2*PI()*($C$12*0.0254/2)*$C$30)+LN(($C$13*0.0254/2)/($C$12*0.0254/2))/(2*PI()*($C$19*1.730734666)*$C$30)+IF($C$17="Insulated",LN((($C$13*0.0254/2)+$C$18*0.0254)/($C$13*0.0254/2))/(2*PI()*($C$20*1.730734666)*$C$30),0))) -> 0.08894491 | AA47: =IF($J47>=$C$21,0,IF($C$15="Adiabatic",0,$C$28*$AJ47*((($C$16-32)*5/9+273.15)-$O47)*(1-EXP(-$Z47/($C$28*$AJ47))))) -> 3.7458259 | AB47: =IF($J47>=$C$21,0,$AA47/$C$28) -> 2350.2912 | AC47: =IF($J47>=$C$21,0,$W47*($C$30/($C$12*0.0254))*($P47*$S47^2/2)) -> 0.010502622 | AD47: =IF($J47>=$C$21,$N47,MAX(1000,$N47-$AC47)) -> 790828.57 | AE47: =IF($J47>=$C$21,$O47,$O48) -> 326.5516 | AF47: =IF($J47>=$C$21,$P47,$P48) -> 11.691733 | AG47: =IF($J47>=$C$21,$S47,$C$28/($AF47*$C$29)) -> 0.062966383 | AH47: =IF($J47>=$C$21,0,$C$30/AVERAGE($S47,$AG47)) -> 9.7491752 | AI47: =IF($J47<=$C$21,IF($C$15="Adiabatic","",$C$16),"") -> 200 | AJ47: =IF($J47<=$C$21,'Property calculations'!BE94,"") -> 529.31668 | AK47: =IF($J47<=$C$21,'Property calculations'!BD94,"") -> 10886.341 | AL47: =IF($J47<=$C$21,'Property calculations'!BF94,"") -> 334.76792 | AM47: =IF($J47<=$C$21,'Property calculations'!AU94,"") -> 1
J48: =J47+1 -> 10 | K48: =IF($J48<=$C$21,$J48*$C$11/$C$21,"") -> 20 | L48: =IF($J48<=$C$21,($O48-273.15)*9/5+32,"") -> 128.12289 | M48: =IF($J48<=$C$21,$N48/6894.757293168-$C$10,"") -> 99.999987 | N48: =IF($J48<=$C$21,$AD47,"") -> 790828.57 | O48: =IF(J48<=$C$21,IF(AND('Property calculations'!AU103=1,ABS('Property calculations'!BA103)<0.1),'Property calculations'!C103,NA()),"") -> 326.5516 | P48: =IF($J48<=$C$21,'Property calculations'!BC103,"") -> 11.691733 | Q48: =IF($J48<=$C$21,'Property calculations'!BG103,"") -> 2.4131827e-05 | R48: =IF($J48<=$C$21,'Property calculations'!BH103,"") -> 0.019089582 | S48: =IF($J48<=$C$21,$C$28/($P48*$C$29),"") -> 0.062966383 | T48: =IF($J48<=$C$21,$S48/$AL48,"") -> 0.00018678819 | U48: =IF($J48<=$C$21,$P48*$S48*($C$12*0.0254)/$Q48,"") -> 1601.6649 | V48: =IF($J48<=$C$21,$AJ48*$Q48/$R48,"") -> 0.66878176 | W48: =IF($J48<=$C$21,IF($U48<2300,64/$U48,0.25/(LOG10(($C$14/$C$12)/3.7+5.74/$U48^0.9)^2)),"") -> 0.039958422 | X48: =IF($J48<=$C$21,IF($U48<2300,3.66,IF($U48>=10000,0.023*$U48^0.8*$V48^IF((($C$16-32)*5/9+273.15)>$O48,0.4,0.3),3.66+($U48-2300)/(10000-2300)*(0.023*10000^0.8*$V48^IF((($C$16-32)*5/9+273.15)>$O48,0.4,0.3)-3.66))),"") -> 3.66 | Y48: =IF($J48<=$C$21,$X48*$R48/($C$12*0.0254),"") -> 1.3307709 | Z48: =IF(OR($J48>=$C$21,$C$15="Adiabatic"),0,1/(1/($Y48*2*PI()*($C$12*0.0254/2)*$C$30)+LN(($C$13*0.0254/2)/($C$12*0.0254/2))/(2*PI()*($C$19*1.730734666)*$C$30)+IF($C$17="Insulated",LN((($C$13*0.0254/2)+$C$18*0.0254)/($C$13*0.0254/2))/(2*PI()*($C$20*1.730734666)*$C$30),0))) -> 0.089601011 | AA48: =IF($J48>=$C$21,0,IF($C$15="Adiabatic",0,$C$28*$AJ48*((($C$16-32)*5/9+273.15)-$O48)*(1-EXP(-$Z48/($C$28*$AJ48))))) -> 3.3943754 | AB48: =IF($J48>=$C$21,0,$AA48/$C$28) -> 2129.7761 | AC48: =IF($J48>=$C$21,0,$W48*($C$30/($C$12*0.0254))*($P48*$S48^2/2)) -> 0.010753392 | AD48: =IF($J48>=$C$21,$N48,MAX(1000,$N48-$AC48)) -> 790828.56 | AE48: =IF($J48>=$C$21,$O48,$O49) -> 330.57823 | AF48: =IF($J48>=$C$21,$P48,$P49) -> 11.546174 | AG48: =IF($J48>=$C$21,$S48,$C$28/($AF48*$C$29)) -> 0.063760183 | AH48: =IF($J48>=$C$21,0,$C$30/AVERAGE($S48,$AG48)) -> 9.6207137 | AI48: =IF($J48<=$C$21,IF($C$15="Adiabatic","",$C$16),"") -> 200 | AJ48: =IF($J48<=$C$21,'Property calculations'!BE103,"") -> 529.04259 | AK48: =IF($J48<=$C$21,'Property calculations'!BD103,"") -> 13236.632 | AL48: =IF($J48<=$C$21,'Property calculations'!BF103,"") -> 337.10045 | AM48: =IF($J48<=$C$21,'Property calculations'!AU103,"") -> 1
J49: =J48+1 -> 11 | K49: =IF($J49<=$C$21,$J49*$C$11/$C$21,"") -> 22 | L49: =IF($J49<=$C$21,($O49-273.15)*9/5+32,"") -> 135.37082 | M49: =IF($J49<=$C$21,$N49/6894.757293168-$C$10,"") -> 99.999985 | N49: =IF($J49<=$C$21,$AD48,"") -> 790828.56 | O49: =IF(J49<=$C$21,IF(AND('Property calculations'!AU112=1,ABS('Property calculations'!BA112)<0.1),'Property calculations'!C112,NA()),"") -> 330.57823 | P49: =IF($J49<=$C$21,'Property calculations'!BC112,"") -> 11.546174 | Q49: =IF($J49<=$C$21,'Property calculations'!BG112,"") -> 2.4339738e-05 | R49: =IF($J49<=$C$21,'Property calculations'!BH112,"") -> 0.019277662 | S49: =IF($J49<=$C$21,$C$28/($P49*$C$29),"") -> 0.063760183 | T49: =IF($J49<=$C$21,$S49/$AL49,"") -> 0.00018797216 | U49: =IF($J49<=$C$21,$P49*$S49*($C$12*0.0254)/$Q49,"") -> 1587.9833 | V49: =IF($J49<=$C$21,$AJ49*$Q49/$R49,"") -> 0.66766194 | W49: =IF($J49<=$C$21,IF($U49<2300,64/$U49,0.25/(LOG10(($C$14/$C$12)/3.7+5.74/$U49^0.9)^2)),"") -> 0.04030269 | X49: =IF($J49<=$C$21,IF($U49<2300,3.66,IF($U49>=10000,0.023*$U49^0.8*$V49^IF((($C$16-32)*5/9+273.15)>$O49,0.4,0.3),3.66+($U49-2300)/(10000-2300)*(0.023*10000^0.8*$V49^IF((($C$16-32)*5/9+273.15)>$O49,0.4,0.3)-3.66))),"") -> 3.66 | Y49: =IF($J49<=$C$21,$X49*$R49/($C$12*0.0254),"") -> 1.3438824 | Z49: =IF(OR($J49>=$C$21,$C$15="Adiabatic"),0,1/(1/($Y49*2*PI()*($C$12*0.0254/2)*$C$30)+LN(($C$13*0.0254/2)/($C$12*0.0254/2))/(2*PI()*($C$19*1.730734666)*$C$30)+IF($C$17="Insulated",LN((($C$13*0.0254/2)+$C$18*0.0254)/($C$13*0.0254/2))/(2*PI()*($C$20*1.730734666)*$C$30),0))) -> 0.090190246 | AA49: =IF($J49>=$C$21,0,IF($C$15="Adiabatic",0,$C$28*$AJ49*((($C$16-32)*5/9+273.15)-$O49)*(1-EXP(-$Z49/($C$28*$AJ49))))) -> 3.0710382 | AB49: =IF($J49>=$C$21,0,$AA49/$C$28) -> 1926.9006 | AC49: =IF($J49>=$C$21,0,$W49*($C$30/($C$12*0.0254))*($P49*$S49^2/2)) -> 0.010982773 | AD49: =IF($J49>=$C$21,$N49,MAX(1000,$N49-$AC49)) -> 790828.55 | AE49: =IF($J49>=$C$21,$O49,$O50) -> 334.22284 | AF49: =IF($J49>=$C$21,$P49,$P50) -> 11.417574 | AG49: =IF($J49>=$C$21,$S49,$C$28/($AF49*$C$29)) -> 0.064478336 | AH49: =IF($J49>=$C$21,0,$C$30/AVERAGE($S49,$AG49)) -> 9.5072839 | AI49: =IF($J49<=$C$21,IF($C$15="Adiabatic","",$C$16),"") -> 200 | AJ49: =IF($J49<=$C$21,'Property calculations'!BE112,"") -> 528.80442 | AK49: =IF($J49<=$C$21,'Property calculations'!BD112,"") -> 15366.409 | AL49: =IF($J49<=$C$21,'Property calculations'!BF112,"") -> 339.20014 | AM49: =IF($J49<=$C$21,'Property calculations'!AU112,"") -> 1
J50: =J49+1 -> 12 | K50: =IF($J50<=$C$21,$J50*$C$11/$C$21,"") -> 24 | L50: =IF($J50<=$C$21,($O50-273.15)*9/5+32,"") -> 141.9311 | M50: =IF($J50<=$C$21,$N50/6894.757293168-$C$10,"") -> 99.999984 | N50: =IF($J50<=$C$21,$AD49,"") -> 790828.55 | O50: =IF(J50<=$C$21,IF(AND('Property calculations'!AU121=1,ABS('Property calculations'!BA121)<0.1),'Property calculations'!C121,NA()),"") -> 334.22284 | P50: =IF($J50<=$C$21,'Property calculations'!BC121,"") -> 11.417574 | Q50: =IF($J50<=$C$21,'Property calculations'!BG121,"") -> 2.452727e-05 | R50: =IF($J50<=$C$21,'Property calculations'!BH121,"") -> 0.019447503 | S50: =IF($J50<=$C$21,$C$28/($P50*$C$29),"") -> 0.064478336 | T50: =IF($J50<=$C$21,$S50/$AL50,"") -> 0.00018903692 | U50: =IF($J50<=$C$21,$P50*$S50*($C$12*0.0254)/$Q50,"") -> 1575.8419 | V50: =IF($J50<=$C$21,$AJ50*$Q50/$R50,"") -> 0.66666852 | W50: =IF($J50<=$C$21,IF($U50<2300,64/$U50,0.25/(LOG10(($C$14/$C$12)/3.7+5.74/$U50^0.9)^2)),"") -> 0.040613212 | X50: =IF($J50<=$C$21,IF($U50<2300,3.66,IF($U50>=10000,0.023*$U50^0.8*$V50^IF((($C$16-32)*5/9+273.15)>$O50,0.4,0.3),3.66+($U50-2300)/(10000-2300)*(0.023*10000^0.8*$V50^IF((($C$16-32)*5/9+273.15)>$O50,0.4,0.3)-3.66))),"") -> 3.66 | Y50: =IF($J50<=$C$21,$X50*$R50/($C$12*0.0254),"") -> 1.3557223 | Z50: =IF(OR($J50>=$C$21,$C$15="Adiabatic"),0,1/(1/($Y50*2*PI()*($C$12*0.0254/2)*$C$30)+LN(($C$13*0.0254/2)/($C$12*0.0254/2))/(2*PI()*($C$19*1.730734666)*$C$30)+IF($C$17="Insulated",LN((($C$13*0.0254/2)+$C$18*0.0254)/($C$13*0.0254/2))/(2*PI()*($C$20*1.730734666)*$C$30),0))) -> 0.090719065 | AA50: =IF($J50>=$C$21,0,IF($C$15="Adiabatic",0,$C$28*$AJ50*((($C$16-32)*5/9+273.15)-$O50)*(1-EXP(-$Z50/($C$28*$AJ50))))) -> 2.7745741 | AB50: =IF($J50>=$C$21,0,$AA50/$C$28) -> 1740.8863 | AC50: =IF($J50>=$C$21,0,$W50*($C$30/($C$12*0.0254))*($P50*$S50^2/2)) -> 0.011192048 | AD50: =IF($J50>=$C$21,$N50,MAX(1000,$N50-$AC50)) -> 790828.54 | AE50: =IF($J50>=$C$21,$O50,$O51) -> 337.51681 | AF50: =IF($J50>=$C$21,$P50,$P51) -> 11.303831 | AG50: =IF($J50>=$C$21,$S50,$C$28/($AF50*$C$29)) -> 0.065127136 | AH50: =IF($J50>=$C$21,0,$C$30/AVERAGE($S50,$AG50)) -> 9.4070102 | AI50: =IF($J50<=$C$21,IF($C$15="Adiabatic","",$C$16),"") -> 200 | AJ50: =IF($J50<=$C$21,'Property calculations'!BE121,"") -> 528.59688 | AK50: =IF($J50<=$C$21,'Property calculations'!BD121,"") -> 17293.309 | AL50: =IF($J50<=$C$21,'Property calculations'!BF121,"") -> 341.08859 | AM50: =IF($J50<=$C$21,'Property calculations'!AU121,"") -> 1
J51: =J50+1 -> 13 | K51: =IF($J51<=$C$21,$J51*$C$11/$C$21,"") -> 26 | L51: =IF($J51<=$C$21,($O51-273.15)*9/5+32,"") -> 147.86026 | M51: =IF($J51<=$C$21,$N51/6894.757293168-$C$10,"") -> 99.999982 | N51: =IF($J51<=$C$21,$AD50,"") -> 790828.54 | O51: =IF(J51<=$C$21,IF(AND('Property calculations'!AU130=1,ABS('Property calculations'!BA130)<0.1),'Property calculations'!C130,NA()),"") -> 337.51681 | P51: =IF($J51<=$C$21,'Property calculations'!BC130,"") -> 11.303831 | Q51: =IF($J51<=$C$21,'Property calculations'!BG130,"") -> 2.4696233e-05 | R51: =IF($J51<=$C$21,'Property calculations'!BH130,"") -> 0.019600687 | S51: =IF($J51<=$C$21,$C$28/($P51*$C$29),"") -> 0.065127136 | T51: =IF($J51<=$C$21,$S51/$AL51,"") -> 0.00018999373 | U51: =IF($J51<=$C$21,$P51*$S51*($C$12*0.0254)/$Q51,"") -> 1565.0605 | V51: =IF($J51<=$C$21,$AJ51*$Q51/$R51,"") -> 0.66578655 | W51: =IF($J51<=$C$21,IF($U51<2300,64/$U51,0.25/(LOG10(($C$14/$C$12)/3.7+5.74/$U51^0.9)^2)),"") -> 0.040892988 | X51: =IF($J51<=$C$21,IF($U51<2300,3.66,IF($U51>=10000,0.023*$U51^0.8*$V51^IF((($C$16-32)*5/9+273.15)>$O51,0.4,0.3),3.66+($U51-2300)/(10000-2300)*(0.023*10000^0.8*$V51^IF((($C$16-32)*5/9+273.15)>$O51,0.4,0.3)-3.66))),"") -> 3.66 | Y51: =IF($J51<=$C$21,$X51*$R51/($C$12*0.0254),"") -> 1.366401 | Z51: =IF(OR($J51>=$C$21,$C$15="Adiabatic"),0,1/(1/($Y51*2*PI()*($C$12*0.0254/2)*$C$30)+LN(($C$13*0.0254/2)/($C$12*0.0254/2))/(2*PI()*($C$19*1.730734666)*$C$30)+IF($C$17="Insulated",LN((($C$13*0.0254/2)+$C$18*0.0254)/($C$13*0.0254/2))/(2*PI()*($C$20*1.730734666)*$C$30),0))) -> 0.091193376 | AA51: =IF($J51>=$C$21,0,IF($C$15="Adiabatic",0,$C$28*$AJ51*((($C$16-32)*5/9+273.15)-$O51)*(1-EXP(-$Z51/($C$28*$AJ51))))) -> 2.5035619 | AB51: =IF($J51>=$C$21,0,$AA51/$C$28) -> 1570.8417 | AC51: =IF($J51>=$C$21,0,$W51*($C$30/($C$12*0.0254))*($P51*$S51^2/2)) -> 0.011382541 | AD51: =IF($J51>=$C$21,$N51,MAX(1000,$N51-$AC51)) -> 790828.53 | AE51: =IF($J51>=$C$21,$O51,$O52) -> 340.49 | AF51: =IF($J51>=$C$21,$P51,$P52) -> 11.20313 | AG51: =IF($J51>=$C$21,$S51,$C$28/($AF51*$C$29)) -> 0.065712545 | AH51: =IF($J51>=$C$21,0,$C$30/AVERAGE($S51,$AG51)) -> 9.318274 | AI51: =IF($J51<=$C$21,IF($C$15="Adiabatic","",$C$16),"") -> 200 | AJ51: =IF($J51<=$C$21,'Property calculations'!BE130,"") -> 528.41555 | AK51: =IF($J51<=$C$21,'Property calculations'!BD130,"") -> 19034.195 | AL51: =IF($J51<=$C$21,'Property calculations'!BF130,"") -> 342.78571 | AM51: =IF($J51<=$C$21,'Property calculations'!AU130,"") -> 1
J52: =J51+1 -> 14 | K52: =IF($J52<=$C$21,$J52*$C$11/$C$21,"") -> 28 | L52: =IF($J52<=$C$21,($O52-273.15)*9/5+32,"") -> 153.212 | M52: =IF($J52<=$C$21,$N52/6894.757293168-$C$10,"") -> 99.999981 | N52: =IF($J52<=$C$21,$AD51,"") -> 790828.53 | O52: =IF(J52<=$C$21,IF(AND('Property calculations'!AU139=1,ABS('Property calculations'!BA139)<0.1),'Property calculations'!C139,NA()),"") -> 340.49 | P52: =IF($J52<=$C$21,'Property calculations'!BC139,"") -> 11.20313 | Q52: =IF($J52<=$C$21,'Property calculations'!BG139,"") -> 2.4848317e-05 | R52: =IF($J52<=$C$21,'Property calculations'!BH139,"") -> 0.019738695 | S52: =IF($J52<=$C$21,$C$28/($P52*$C$29),"") -> 0.065712545 | T52: =IF($J52<=$C$21,$S52/$AL52,"") -> 0.00019085295 | U52: =IF($J52<=$C$21,$P52*$S52*($C$12*0.0254)/$Q52,"") -> 1555.4816 | V52: =IF($J52<=$C$21,$AJ52*$Q52/$R52,"") -> 0.66500299 | W52: =IF($J52<=$C$21,IF($U52<2300,64/$U52,0.25/(LOG10(($C$14/$C$12)/3.7+5.74/$U52^0.9)^2)),"") -> 0.041144814 | X52: =IF($J52<=$C$21,IF($U52<2300,3.66,IF($U52>=10000,0.023*$U52^0.8*$V52^IF((($C$16-32)*5/9+273.15)>$O52,0.4,0.3),3.66+($U52-2300)/(10000-2300)*(0.023*10000^0.8*$V52^IF((($C$16-32)*5/9+273.15)>$O52,0.4,0.3)-3.66))),"") -> 3.66 | Y52: =IF($J52<=$C$21,$X52*$R52/($C$12*0.0254),"") -> 1.3760219 | Z52: =IF(OR($J52>=$C$21,$C$15="Adiabatic"),0,1/(1/($Y52*2*PI()*($C$12*0.0254/2)*$C$30)+LN(($C$13*0.0254/2)/($C$12*0.0254/2))/(2*PI()*($C$19*1.730734666)*$C$30)+IF($C$17="Insulated",LN((($C$13*0.0254/2)+$C$18*0.0254)/($C$13*0.0254/2))/(2*PI()*($C$20*1.730734666)*$C$30),0))) -> 0.091618571 | AA52: =IF($J52>=$C$21,0,IF($C$15="Adiabatic",0,$C$28*$AJ52*((($C$16-32)*5/9+273.15)-$O52)*(1-EXP(-$Z52/($C$28*$AJ52))))) -> 2.25647 | AB52: =IF($J52>=$C$21,0,$AA52/$C$28) -> 1415.8057 | AC52: =IF($J52>=$C$21,0,$W52*($C$30/($C$12*0.0254))*($P52*$S52^2/2)) -> 0.011555582 | AD52: =IF($J52>=$C$21,$N52,MAX(1000,$N52-$AC52)) -> 790828.52 | AE52: =IF($J52>=$C$21,$O52,$O53) -> 343.1705 | AF52: =IF($J52>=$C$21,$P52,$P53) -> 11.113895 | AG52: =IF($J52>=$C$21,$S52,$C$28/($AF52*$C$29)) -> 0.06624016 | AH52: =IF($J52>=$C$21,0,$C$30/AVERAGE($S52,$AG52)) -> 9.2396742 | AI52: =IF($J52<=$C$21,IF($C$15="Adiabatic","",$C$16),"") -> 200 | AJ52: =IF($J52<=$C$21,'Property calculations'!BE139,"") -> 528.25677 | AK52: =IF($J52<=$C$21,'Property calculations'!BD139,"") -> 20605.037 | AL52: =IF($J52<=$C$21,'Property calculations'!BF139,"") -> 344.30982 | AM52: =IF($J52<=$C$21,'Property calculations'!AU139,"") -> 1
J53: =J52+1 -> 15 | K53: =IF($J53<=$C$21,$J53*$C$11/$C$21,"") -> 30 | L53: =IF($J53<=$C$21,($O53-273.15)*9/5+32,"") -> 158.03691 | M53: =IF($J53<=$C$21,$N53/6894.757293168-$C$10,"") -> 99.999979 | N53: =IF($J53<=$C$21,$AD52,"") -> 790828.52 | O53: =IF(J53<=$C$21,IF(AND('Property calculations'!AU148=1,ABS('Property calculations'!BA148)<0.1),'Property calculations'!C148,NA()),"") -> 343.1705 | P53: =IF($J53<=$C$21,'Property calculations'!BC148,"") -> 11.113895 | Q53: =IF($J53<=$C$21,'Property calculations'!BG148,"") -> 2.4985088e-05 | R53: =IF($J53<=$C$21,'Property calculations'!BH148,"") -> 0.019862912 | S53: =IF($J53<=$C$21,$C$28/($P53*$C$29),"") -> 0.06624016 | T53: =IF($J53<=$C$21,$S53/$AL53,"") -> 0.00019162405 | U53: =IF($J53<=$C$21,$P53*$S53*($C$12*0.0254)/$Q53,"") -> 1546.9667 | V53: =IF($J53<=$C$21,$AJ53*$Q53/$R53,"") -> 0.66430647 | W53: =IF($J53<=$C$21,IF($U53<2300,64/$U53,0.25/(LOG10(($C$14/$C$12)/3.7+5.74/$U53^0.9)^2)),"") -> 0.041371286 | X53: =IF($J53<=$C$21,IF($U53<2300,3.66,IF($U53>=10000,0.023*$U53^0.8*$V53^IF((($C$16-32)*5/9+273.15)>$O53,0.4,0.3),3.66+($U53-2300)/(10000-2300)*(0.023*10000^0.8*$V53^IF((($C$16-32)*5/9+273.15)>$O53,0.4,0.3)-3.66))),"") -> 3.66 | Y53: =IF($J53<=$C$21,$X53*$R53/($C$12*0.0254),"") -> 1.3846812 | Z53: =IF(OR($J53>=$C$21,$C$15="Adiabatic"),0,1/(1/($Y53*2*PI()*($C$12*0.0254/2)*$C$30)+LN(($C$13*0.0254/2)/($C$12*0.0254/2))/(2*PI()*($C$19*1.730734666)*$C$30)+IF($C$17="Insulated",LN((($C$13*0.0254/2)+$C$18*0.0254)/($C$13*0.0254/2))/(2*PI()*($C$20*1.730734666)*$C$30),0))) -> 0.091999559 | AA53: =IF($J53>=$C$21,0,IF($C$15="Adiabatic",0,$C$28*$AJ53*((($C$16-32)*5/9+273.15)-$O53)*(1-EXP(-$Z53/($C$28*$AJ53))))) -> 2.0317124 | AB53: =IF($J53>=$C$21,0,$AA53/$C$28) -> 1274.7831 | AC53: =IF($J53>=$C$21,0,$W53*($C$30/($C$12*0.0254))*($P53*$S53^2/2)) -> 0.011712479 | AD53: =IF($J53>=$C$21,$N53,MAX(1000,$N53-$AC53)) -> 790828.5 | AE53: =IF($J53>=$C$21,$O53,$O54) -> 345.58461 | AF53: =IF($J53>=$C$21,$P53,$P54) -> 11.034758 | AG53: =IF($J53>=$C$21,$S53,$C$28/($AF53*$C$29)) -> 0.066715209 | AH53: =IF($J53>=$C$21,0,$C$30/AVERAGE($S53,$AG53)) -> 9.1699945 | AI53: =IF($J53<=$C$21,IF($C$15="Adiabatic","",$C$16),"") -> 200 | AJ53: =IF($J53<=$C$21,'Property calculations'!BE148,"") -> 528.11745 | AK53: =IF($J53<=$C$21,'Property calculations'!BD148,"") -> 22020.843 | AL53: =IF($J53<=$C$21,'Property calculations'!BF148,"") -> 345.6777 | AM53: =IF($J53<=$C$21,'Property calculations'!AU148,"") -> 1
J54: =J53+1 -> 16 | K54: =IF($J54<=$C$21,$J54*$C$11/$C$21,"") -> 32 | L54: =IF($J54<=$C$21,($O54-273.15)*9/5+32,"") -> 162.3823 | M54: =IF($J54<=$C$21,$N54/6894.757293168-$C$10,"") -> 99.999977 | N54: =IF($J54<=$C$21,$AD53,"") -> 790828.5 | O54: =IF(J54<=$C$21,IF(AND('Property calculations'!AU157=1,ABS('Property calculations'!BA157)<0.1),'Property calculations'!C157,NA()),"") -> 345.58461 | P54: =IF($J54<=$C$21,'Property calculations'!BC157,"") -> 11.034758 | Q54: =IF($J54<=$C$21,'Property calculations'!BG157,"") -> 2.5107993e-05 | R54: =IF($J54<=$C$21,'Property calculations'!BH157,"") -> 0.019974617 | S54: =IF($J54<=$C$21,$C$28/($P54*$C$29),"") -> 0.066715209 | T54: =IF($J54<=$C$21,$S54/$AL54,"") -> 0.00019231568 | U54: =IF($J54<=$C$21,$P54*$S54*($C$12*0.0254)/$Q54,"") -> 1539.3942 | V54: =IF($J54<=$C$21,$AJ54*$Q54/$R54,"") -> 0.66368699 | W54: =IF($J54<=$C$21,IF($U54<2300,64/$U54,0.25/(LOG10(($C$14/$C$12)/3.7+5.74/$U54^0.9)^2)),"") -> 0.041574796 | X54: =IF($J54<=$C$21,IF($U54<2300,3.66,IF($U54>=10000,0.023*$U54^0.8*$V54^IF((($C$16-32)*5/9+273.15)>$O54,0.4,0.3),3.66+($U54-2300)/(10000-2300)*(0.023*10000^0.8*$V54^IF((($C$16-32)*5/9+273.15)>$O54,0.4,0.3)-3.66))),"") -> 3.66 | Y54: =IF($J54<=$C$21,$X54*$R54/($C$12*0.0254),"") -> 1.3924684 | Z54: =IF(OR($J54>=$C$21,$C$15="Adiabatic"),0,1/(1/($Y54*2*PI()*($C$12*0.0254/2)*$C$30)+LN(($C$13*0.0254/2)/($C$12*0.0254/2))/(2*PI()*($C$19*1.730734666)*$C$30)+IF($C$17="Insulated",LN((($C$13*0.0254/2)+$C$18*0.0254)/($C$13*0.0254/2))/(2*PI()*($C$20*1.730734666)*$C$30),0))) -> 0.092340796 | AA54: =IF($J54>=$C$21,0,IF($C$15="Adiabatic",0,$C$28*$AJ54*((($C$16-32)*5/9+273.15)-$O54)*(1-EXP(-$Z54/($C$28*$AJ54))))) -> 1.827692 | AB54: =IF($J54>=$C$21,0,$AA54/$C$28) -> 1146.772 | AC54: =IF($J54>=$C$21,0,$W54*($C$30/($C$12*0.0254))*($P54*$S54^2/2)) -> 0.011854504 | AD54: =IF($J54>=$C$21,$N54,MAX(1000,$N54-$AC54)) -> 790828.49 | AE54: =IF($J54>=$C$21,$O54,$O55) -> 347.75677 | AF54: =IF($J54>=$C$21,$P54,$P55) -> 10.964526 | AG54: =IF($J54>=$C$21,$S54,$C$28/($AF54*$C$29)) -> 0.067142546 | AH54: =IF($J54>=$C$21,0,$C$30/AVERAGE($S54,$AG54)) -> 9.108176 | AI54: =IF($J54<=$C$21,IF($C$15="Adiabatic","",$C$16),"") -> 200 | AJ54: =IF($J54<=$C$21,'Property calculations'!BE157,"") -> 527.99497 | AK54: =IF($J54<=$C$21,'Property calculations'!BD157,"") -> 23295.626 | AL54: =IF($J54<=$C$21,'Property calculations'!BF157,"") -> 346.90468 | AM54: =IF($J54<=$C$21,'Property calculations'!AU157,"") -> 1
J55: =J54+1 -> 17 | K55: =IF($J55<=$C$21,$J55*$C$11/$C$21,"") -> 34 | L55: =IF($J55<=$C$21,($O55-273.15)*9/5+32,"") -> 166.29218 | M55: =IF($J55<=$C$21,$N55/6894.757293168-$C$10,"") -> 99.999975 | N55: =IF($J55<=$C$21,$AD54,"") -> 790828.49 | O55: =IF(J55<=$C$21,IF(AND('Property calculations'!AU166=1,ABS('Property calculations'!BA166)<0.1),'Property calculations'!C166,NA()),"") -> 347.75677 | P55: =IF($J55<=$C$21,'Property calculations'!BC166,"") -> 10.964526 | Q55: =IF($J55<=$C$21,'Property calculations'!BG166,"") -> 2.521836e-05 | R55: =IF($J55<=$C$21,'Property calculations'!BH166,"") -> 0.020074994 | S55: =IF($J55<=$C$21,$C$28/($P55*$C$29),"") -> 0.067142546 | T55: =IF($J55<=$C$21,$S55/$AL55,"") -> 0.00019293573 | U55: =IF($J55<=$C$21,$P55*$S55*($C$12*0.0254)/$Q55,"") -> 1532.6571 | V55: =IF($J55<=$C$21,$AJ55*$Q55/$R55,"") -> 0.66313579 | W55: =IF($J55<=$C$21,IF($U55<2300,64/$U55,0.25/(LOG10(($C$14/$C$12)/3.7+5.74/$U55^0.9)^2)),"") -> 0.041757546 | X55: =IF($J55<=$C$21,IF($U55<2300,3.66,IF($U55>=10000,0.023*$U55^0.8*$V55^IF((($C$16-32)*5/9+273.15)>$O55,0.4,0.3),3.66+($U55-2300)/(10000-2300)*(0.023*10000^0.8*$V55^IF((($C$16-32)*5/9+273.15)>$O55,0.4,0.3)-3.66))),"") -> 3.66 | Y55: =IF($J55<=$C$21,$X55*$R55/($C$12*0.0254),"") -> 1.3994659 | Z55: =IF(OR($J55>=$C$21,$C$15="Adiabatic"),0,1/(1/($Y55*2*PI()*($C$12*0.0254/2)*$C$30)+LN(($C$13*0.0254/2)/($C$12*0.0254/2))/(2*PI()*($C$19*1.730734666)*$C$30)+IF($C$17="Insulated",LN((($C$13*0.0254/2)+$C$18*0.0254)/($C$13*0.0254/2))/(2*PI()*($C$20*1.730734666)*$C$30),0))) -> 0.09264632 | AA55: =IF($J55>=$C$21,0,IF($C$15="Adiabatic",0,$C$28*$AJ55*((($C$16-32)*5/9+273.15)-$O55)*(1-EXP(-$Z55/($C$28*$AJ55))))) -> 1.6428341 | AB55: =IF($J55>=$C$21,0,$AA55/$C$28) -> 1030.7843 | AC55: =IF($J55>=$C$21,0,$W55*($C$30/($C$12*0.0254))*($P55*$S55^2/2)) -> 0.011982879 | AD55: =IF($J55>=$C$21,$N55,MAX(1000,$N55-$AC55)) -> 790828.48 | AE55: =IF($J55>=$C$21,$O55,$O56) -> 349.70961 | AF55: =IF($J55>=$C$21,$P55,$P56) -> 10.902157 | AG55: =IF($J55>=$C$21,$S55,$C$28/($AF55*$C$29)) -> 0.067526653 | AH55: =IF($J55>=$C$21,0,$C$30/AVERAGE($S55,$AG55)) -> 9.0532951 | AI55: =IF($J55<=$C$21,IF($C$15="Adiabatic","",$C$16),"") -> 200 | AJ55: =IF($J55<=$C$21,'Property calculations'!BE166,"") -> 527.88712 | AK55: =IF($J55<=$C$21,'Property calculations'!BD166,"") -> 24442.398 | AL55: =IF($J55<=$C$21,'Property calculations'!BF166,"") -> 348.00473 | AM55: =IF($J55<=$C$21,'Property calculations'!AU166,"") -> 1
J56: =J55+1 -> 18 | K56: =IF($J56<=$C$21,$J56*$C$11/$C$21,"") -> 36 | L56: =IF($J56<=$C$21,($O56-273.15)*9/5+32,"") -> 169.80729 | M56: =IF($J56<=$C$21,$N56/6894.757293168-$C$10,"") -> 99.999974 | N56: =IF($J56<=$C$21,$AD55,"") -> 790828.48 | O56: =IF(J56<=$C$21,IF(AND('Property calculations'!AU175=1,ABS('Property calculations'!BA175)<0.1),'Property calculations'!C175,NA()),"") -> 349.70961 | P56: =IF($J56<=$C$21,'Property calculations'!BC175,"") -> 10.902157 | Q56: =IF($J56<=$C$21,'Property calculations'!BG175,"") -> 2.5317406e-05 | R56: =IF($J56<=$C$21,'Property calculations'!BH175,"") -> 0.020165129 | S56: =IF($J56<=$C$21,$C$28/($P56*$C$29),"") -> 0.067526653 | T56: =IF($J56<=$C$21,$S56/$AL56,"") -> 0.00019349136 | U56: =IF($J56<=$C$21,$P56*$S56*($C$12*0.0254)/$Q56,"") -> 1526.6611 | V56: =IF($J56<=$C$21,$AJ56*$Q56/$R56,"") -> 0.66264515 | W56: =IF($J56<=$C$21,IF($U56<2300,64/$U56,0.25/(LOG10(($C$14/$C$12)/3.7+5.74/$U56^0.9)^2)),"") -> 0.041921551 | X56: =IF($J56<=$C$21,IF($U56<2300,3.66,IF($U56>=10000,0.023*$U56^0.8*$V56^IF((($C$16-32)*5/9+273.15)>$O56,0.4,0.3),3.66+($U56-2300)/(10000-2300)*(0.023*10000^0.8*$V56^IF((($C$16-32)*5/9+273.15)>$O56,0.4,0.3)-3.66))),"") -> 3.66 | Y56: =IF($J56<=$C$21,$X56*$R56/($C$12*0.0254),"") -> 1.4057494 | Z56: =IF(OR($J56>=$C$21,$C$15="Adiabatic"),0,1/(1/($Y56*2*PI()*($C$12*0.0254/2)*$C$30)+LN(($C$13*0.0254/2)/($C$12*0.0254/2))/(2*PI()*($C$19*1.730734666)*$C$30)+IF($C$17="Insulated",LN((($C$13*0.0254/2)+$C$18*0.0254)/($C$13*0.0254/2))/(2*PI()*($C$20*1.730734666)*$C$30),0))) -> 0.092919782 | AA56: =IF($J56>=$C$21,0,IF($C$15="Adiabatic",0,$C$28*$AJ56*((($C$16-32)*5/9+273.15)-$O56)*(1-EXP(-$Z56/($C$28*$AJ56))))) -> 1.4756103 | AB56: =IF($J56>=$C$21,0,$AA56/$C$28) -> 925.86092 | AC56: =IF($J56>=$C$21,0,$W56*($C$30/($C$12*0.0254))*($P56*$S56^2/2)) -> 0.012098764 | AD56: =IF($J56>=$C$21,$N56,MAX(1000,$N56-$AC56)) -> 790828.47 | AE56: =IF($J56>=$C$21,$O56,$O57) -> 351.46396 | AF56: =IF($J56>=$C$21,$P56,$P57) -> 10.846739 | AG56: =IF($J56>=$C$21,$S56,$C$28/($AF56*$C$29)) -> 0.067871656 | AH56: =IF($J56>=$C$21,0,$C$30/AVERAGE($S56,$AG56)) -> 9.0045438 | AI56: =IF($J56<=$C$21,IF($C$15="Adiabatic","",$C$16),"") -> 200 | AJ56: =IF($J56<=$C$21,'Property calculations'!BE175,"") -> 527.79201 | AK56: =IF($J56<=$C$21,'Property calculations'!BD175,"") -> 25473.182 | AL56: =IF($J56<=$C$21,'Property calculations'!BF175,"") -> 348.99053 | AM56: =IF($J56<=$C$21,'Property calculations'!AU175,"") -> 1
J57: =J56+1 -> 19 | K57: =IF($J57<=$C$21,$J57*$C$11/$C$21,"") -> 38 | L57: =IF($J57<=$C$21,($O57-273.15)*9/5+32,"") -> 172.96513 | M57: =IF($J57<=$C$21,$N57/6894.757293168-$C$10,"") -> 99.999972 | N57: =IF($J57<=$C$21,$AD56,"") -> 790828.47 | O57: =IF(J57<=$C$21,IF(AND('Property calculations'!AU184=1,ABS('Property calculations'!BA184)<0.1),'Property calculations'!C184,NA()),"") -> 351.46396 | P57: =IF($J57<=$C$21,'Property calculations'!BC184,"") -> 10.846739 | Q57: =IF($J57<=$C$21,'Property calculations'!BG184,"") -> 2.5406245e-05 | R57: =IF($J57<=$C$21,'Property calculations'!BH184,"") -> 0.020246017 | S57: =IF($J57<=$C$21,$C$28/($P57*$C$29),"") -> 0.067871656 | T57: =IF($J57<=$C$21,$S57/$AL57,"") -> 0.00019398908 | U57: =IF($J57<=$C$21,$P57*$S57*($C$12*0.0254)/$Q57,"") -> 1521.3228 | V57: =IF($J57<=$C$21,$AJ57*$Q57/$R57,"") -> 0.66220826 | W57: =IF($J57<=$C$21,IF($U57<2300,64/$U57,0.25/(LOG10(($C$14/$C$12)/3.7+5.74/$U57^0.9)^2)),"") -> 0.042068654 | X57: =IF($J57<=$C$21,IF($U57<2300,3.66,IF($U57>=10000,0.023*$U57^0.8*$V57^IF((($C$16-32)*5/9+273.15)>$O57,0.4,0.3),3.66+($U57-2300)/(10000-2300)*(0.023*10000^0.8*$V57^IF((($C$16-32)*5/9+273.15)>$O57,0.4,0.3)-3.66))),"") -> 3.66 | Y57: =IF($J57<=$C$21,$X57*$R57/($C$12*0.0254),"") -> 1.4113882 | Z57: =IF(OR($J57>=$C$21,$C$15="Adiabatic"),0,1/(1/($Y57*2*PI()*($C$12*0.0254/2)*$C$30)+LN(($C$13*0.0254/2)/($C$12*0.0254/2))/(2*PI()*($C$19*1.730734666)*$C$30)+IF($C$17="Insulated",LN((($C$13*0.0254/2)+$C$18*0.0254)/($C$13*0.0254/2))/(2*PI()*($C$20*1.730734666)*$C$30),0))) -> 0.093164477 | AA57: =IF($J57>=$C$21,0,IF($C$15="Adiabatic",0,$C$28*$AJ57*((($C$16-32)*5/9+273.15)-$O57)*(1-EXP(-$Z57/($C$28*$AJ57))))) -> 1.3245559 | AB57: =IF($J57>=$C$21,0,$AA57/$C$28) -> 831.08293 | AC57: =IF($J57>=$C$21,0,$W57*($C$30/($C$12*0.0254))*($P57*$S57^2/2)) -> 0.012203249 | AD57: =IF($J57>=$C$21,$N57,MAX(1000,$N57-$AC57)) -> 790828.46 | AE57: =IF($J57>=$C$21,$O57,$O58) -> 353.03896 | AF57: =IF($J57>=$C$21,$P57,$P58) -> 10.797473 | AG57: =IF($J57>=$C$21,$S57,$C$28/($AF57*$C$29)) -> 0.068181337 | AH57: =IF($J57>=$C$21,0,$C$30/AVERAGE($S57,$AG57)) -> 8.9612141 | AI57: =IF($J57<=$C$21,IF($C$15="Adiabatic","",$C$16),"") -> 200 | AJ57: =IF($J57<=$C$21,'Property calculations'!BE184,"") -> 527.70804 | AK57: =IF($J57<=$C$21,'Property calculations'!BD184,"") -> 26399.043 | AL57: =IF($J57<=$C$21,'Property calculations'!BF184,"") -> 349.8736 | AM57: =IF($J57<=$C$21,'Property calculations'!AU184,"") -> 1
J58: =J57+1 -> 20 | K58: =IF($J58<=$C$21,$J58*$C$11/$C$21,"") -> 40 | L58: =IF($J58<=$C$21,($O58-273.15)*9/5+32,"") -> 175.80013 | M58: =IF($J58<=$C$21,$N58/6894.757293168-$C$10,"") -> 99.99997 | N58: =IF($J58<=$C$21,$AD57,"") -> 790828.46 | O58: =IF(J58<=$C$21,IF(AND('Property calculations'!AU193=1,ABS('Property calculations'!BA193)<0.1),'Property calculations'!C193,NA()),"") -> 353.03896 | P58: =IF($J58<=$C$21,'Property calculations'!BC193,"") -> 10.797473 | Q58: =IF($J58<=$C$21,'Property calculations'!BG193,"") -> 2.5485888e-05 | R58: =IF($J58<=$C$21,'Property calculations'!BH193,"") -> 0.020318567 | S58: =IF($J58<=$C$21,$C$28/($P58*$C$29),"") -> 0.068181337 | T58: =IF($J58<=$C$21,$S58/$AL58,"") -> 0.00019443475 | U58: =IF($J58<=$C$21,$P58*$S58*($C$12*0.0254)/$Q58,"") -> 1516.5686 | V58: =IF($J58<=$C$21,$AJ58*$Q58/$R58,"") -> 0.66181912 | W58: =IF($J58<=$C$21,IF($U58<2300,64/$U58,0.25/(LOG10(($C$14/$C$12)/3.7+5.74/$U58^0.9)^2)),"") -> 0.04220053 | X58: =IF($J58<=$C$21,IF($U58<2300,3.66,IF($U58>=10000,0.023*$U58^0.8*$V58^IF((($C$16-32)*5/9+273.15)>$O58,0.4,0.3),3.66+($U58-2300)/(10000-2300)*(0.023*10000^0.8*$V58^IF((($C$16-32)*5/9+273.15)>$O58,0.4,0.3)-3.66))),"") -> 3.66 | Y58: =IF($J58<=$C$21,$X58*$R58/($C$12*0.0254),"") -> 1.4164458 | Z58: =IF(OR($J58>=$C$21,$C$15="Adiabatic"),0,1/(1/($Y58*2*PI()*($C$12*0.0254/2)*$C$30)+LN(($C$13*0.0254/2)/($C$12*0.0254/2))/(2*PI()*($C$19*1.730734666)*$C$30)+IF($C$17="Insulated",LN((($C$13*0.0254/2)+$C$18*0.0254)/($C$13*0.0254/2))/(2*PI()*($C$20*1.730734666)*$C$30),0))) -> 0.093383377 | AA58: =IF($J58>=$C$21,0,IF($C$15="Adiabatic",0,$C$28*$AJ58*((($C$16-32)*5/9+273.15)-$O58)*(1-EXP(-$Z58/($C$28*$AJ58))))) -> 1.1882816 | AB58: =IF($J58>=$C$21,0,$AA58/$C$28) -> 745.57863 | AC58: =IF($J58>=$C$21,0,$W58*($C$30/($C$12*0.0254))*($P58*$S58^2/2)) -> 0.012297358 | AD58: =IF($J58>=$C$21,$N58,MAX(1000,$N58-$AC58)) -> 790828.44 | AE58: =IF($J58>=$C$21,$O58,$O59) -> 354.45211 | AF58: =IF($J58>=$C$21,$P58,$P59) -> 10.753656 | AG58: =IF($J58>=$C$21,$S58,$C$28/($AF58*$C$29)) -> 0.068459154 | AH58: =IF($J58>=$C$21,0,$C$30/AVERAGE($S58,$AG58)) -> 8.9226846 | AI58: =IF($J58<=$C$21,IF($C$15="Adiabatic","",$C$16),"") -> 200 | AJ58: =IF($J58<=$C$21,'Property calculations'!BE193,"") -> 527.6338 | AK58: =IF($J58<=$C$21,'Property calculations'!BD193,"") -> 27230.126 | AL58: =IF($J58<=$C$21,'Property calculations'!BF193,"") -> 350.66436 | AM58: =IF($J58<=$C$21,'Property calculations'!AU193,"") -> 1
J59: =J58+1 -> 21 | K59: =IF($J59<=$C$21,$J59*$C$11/$C$21,"") -> 42 | L59: =IF($J59<=$C$21,($O59-273.15)*9/5+32,"") -> 178.3438 | M59: =IF($J59<=$C$21,$N59/6894.757293168-$C$10,"") -> 99.999968 | N59: =IF($J59<=$C$21,$AD58,"") -> 790828.44 | O59: =IF(J59<=$C$21,IF(AND('Property calculations'!AU202=1,ABS('Property calculations'!BA202)<0.1),'Property calculations'!C202,NA()),"") -> 354.45211 | P59: =IF($J59<=$C$21,'Property calculations'!BC202,"") -> 10.753656 | Q59: =IF($J59<=$C$21,'Property calculations'!BG202,"") -> 2.5557256e-05 | R59: =IF($J59<=$C$21,'Property calculations'!BH202,"") -> 0.020383606 | S59: =IF($J59<=$C$21,$C$28/($P59*$C$29),"") -> 0.068459154 | T59: =IF($J59<=$C$21,$S59/$AL59,"") -> 0.0001948337 | U59: =IF($J59<=$C$21,$P59*$S59*($C$12*0.0254)/$Q59,"") -> 1512.3337 | V59: =IF($J59<=$C$21,$AJ59*$Q59/$R59,"") -> 0.66147241 | W59: =IF($J59<=$C$21,IF($U59<2300,64/$U59,0.25/(LOG10(($C$14/$C$12)/3.7+5.74/$U59^0.9)^2)),"") -> 0.042318703 | X59: =IF($J59<=$C$21,IF($U59<2300,3.66,IF($U59>=10000,0.023*$U59^0.8*$V59^IF((($C$16-32)*5/9+273.15)>$O59,0.4,0.3),3.66+($U59-2300)/(10000-2300)*(0.023*10000^0.8*$V59^IF((($C$16-32)*5/9+273.15)>$O59,0.4,0.3)-3.66))),"") -> 3.66 | Y59: =IF($J59<=$C$21,$X59*$R59/($C$12*0.0254),"") -> 1.4209798 | Z59: =IF(OR($J59>=$C$21,$C$15="Adiabatic"),0,1/(1/($Y59*2*PI()*($C$12*0.0254/2)*$C$30)+LN(($C$13*0.0254/2)/($C$12*0.0254/2))/(2*PI()*($C$19*1.730734666)*$C$30)+IF($C$17="Insulated",LN((($C$13*0.0254/2)+$C$18*0.0254)/($C$13*0.0254/2))/(2*PI()*($C$20*1.730734666)*$C$30),0))) -> 0.09357916 | AA59: =IF($J59>=$C$21,0,IF($C$15="Adiabatic",0,$C$28*$AJ59*((($C$16-32)*5/9+273.15)-$O59)*(1-EXP(-$Z59/($C$28*$AJ59))))) -> 1.0654808 | AB59: =IF($J59>=$C$21,0,$AA59/$C$28) -> 668.52814 | AC59: =IF($J59>=$C$21,0,$W59*($C$30/($C$12*0.0254))*($P59*$S59^2/2)) -> 0.012382043 | AD59: =IF($J59>=$C$21,$N59,MAX(1000,$N59-$AC59)) -> 790828.43 | AE59: =IF($J59>=$C$21,$O59,$O60) -> 355.71937 | AF59: =IF($J59>=$C$21,$P59,$P60) -> 10.714668 | AG59: =IF($J59>=$C$21,$S59,$C$28/($AF59*$C$29)) -> 0.068708257 | AH59: =IF($J59>=$C$21,0,$C$30/AVERAGE($S59,$AG59)) -> 8.8884086 | AI59: =IF($J59<=$C$21,IF($C$15="Adiabatic","",$C$16),"") -> 200 | AJ59: =IF($J59<=$C$21,'Property calculations'!BE202,"") -> 527.5681 | AK59: =IF($J59<=$C$21,'Property calculations'!BD202,"") -> 27975.704 | AL59: =IF($J59<=$C$21,'Property calculations'!BF202,"") -> 351.37225 | AM59: =IF($J59<=$C$21,'Property calculations'!AU202,"") -> 1
J60: =J59+1 -> 22 | K60: =IF($J60<=$C$21,$J60*$C$11/$C$21,"") -> 44 | L60: =IF($J60<=$C$21,($O60-273.15)*9/5+32,"") -> 180.62487 | M60: =IF($J60<=$C$21,$N60/6894.757293168-$C$10,"") -> 99.999967 | N60: =IF($J60<=$C$21,$AD59,"") -> 790828.43 | O60: =IF(J60<=$C$21,IF(AND('Property calculations'!AU211=1,ABS('Property calculations'!BA211)<0.1),'Property calculations'!C211,NA()),"") -> 355.71937 | P60: =IF($J60<=$C$21,'Property calculations'!BC211,"") -> 10.714668 | Q60: =IF($J60<=$C$21,'Property calculations'!BG211,"") -> 2.5621183e-05 | R60: =IF($J60<=$C$21,'Property calculations'!BH211,"") -> 0.020441886 | S60: =IF($J60<=$C$21,$C$28/($P60*$C$29),"") -> 0.068708257 | T60: =IF($J60<=$C$21,$S60/$AL60,"") -> 0.00019519072 | U60: =IF($J60<=$C$21,$P60*$S60*($C$12*0.0254)/$Q60,"") -> 1508.5603 | V60: =IF($J60<=$C$21,$AJ60*$Q60/$R60,"") -> 0.66116344 | W60: =IF($J60<=$C$21,IF($U60<2300,64/$U60,0.25/(LOG10(($C$14/$C$12)/3.7+5.74/$U60^0.9)^2)),"") -> 0.042424557 | X60: =IF($J60<=$C$21,IF($U60<2300,3.66,IF($U60>=10000,0.023*$U60^0.8*$V60^IF((($C$16-32)*5/9+273.15)>$O60,0.4,0.3),3.66+($U60-2300)/(10000-2300)*(0.023*10000^0.8*$V60^IF((($C$16-32)*5/9+273.15)>$O60,0.4,0.3)-3.66))),"") -> 3.66 | Y60: =IF($J60<=$C$21,$X60*$R60/($C$12*0.0254),"") -> 1.4250426 | Z60: =IF(OR($J60>=$C$21,$C$15="Adiabatic"),0,1/(1/($Y60*2*PI()*($C$12*0.0254/2)*$C$30)+LN(($C$13*0.0254/2)/($C$12*0.0254/2))/(2*PI()*($C$19*1.730734666)*$C$30)+IF($C$17="Insulated",LN((($C$13*0.0254/2)+$C$18*0.0254)/($C$13*0.0254/2))/(2*PI()*($C$20*1.730734666)*$C$30),0))) -> 0.093754231 | AA60: =IF($J60>=$C$21,0,IF($C$15="Adiabatic",0,$C$28*$AJ60*((($C$16-32)*5/9+273.15)-$O60)*(1-EXP(-$Z60/($C$28*$AJ60))))) -> 0.95493285 | AB60: =IF($J60>=$C$21,0,$AA60/$C$28) -> 599.16566 | AC60: =IF($J60>=$C$21,0,$W60*($C$30/($C$12*0.0254))*($P60*$S60^2/2)) -> 0.012458182 | AD60: =IF($J60>=$C$21,$N60,MAX(1000,$N60-$AC60)) -> 790828.42 | AE60: =IF($J60>=$C$21,$O60,$O61) -> 356.85526 | AF60: =IF($J60>=$C$21,$P60,$P61) -> 10.679965 | AG60: =IF($J60>=$C$21,$S60,$C$28/($AF60*$C$29)) -> 0.068931513 | AH60: =IF($J60>=$C$21,0,$C$30/AVERAGE($S60,$AG60)) -> 8.8579049 | AI60: =IF($J60<=$C$21,IF($C$15="Adiabatic","",$C$16),"") -> 200 | AJ60: =IF($J60<=$C$21,'Property calculations'!BE211,"") -> 527.5099 | AK60: =IF($J60<=$C$21,'Property calculations'!BD211,"") -> 28644.233 | AL60: =IF($J60<=$C$21,'Property calculations'!BF211,"") -> 352.00576 | AM60: =IF($J60<=$C$21,'Property calculations'!AU211,"") -> 1
J61: =J60+1 -> 23 | K61: =IF($J61<=$C$21,$J61*$C$11/$C$21,"") -> 46 | L61: =IF($J61<=$C$21,($O61-273.15)*9/5+32,"") -> 182.66948 | M61: =IF($J61<=$C$21,$N61/6894.757293168-$C$10,"") -> 99.999965 | N61: =IF($J61<=$C$21,$AD60,"") -> 790828.42 | O61: =IF(J61<=$C$21,IF(AND('Property calculations'!AU220=1,ABS('Property calculations'!BA220)<0.1),'Property calculations'!C220,NA()),"") -> 356.85526 | P61: =IF($J61<=$C$21,'Property calculations'!BC220,"") -> 10.679965 | Q61: =IF($J61<=$C$21,'Property calculations'!BG220,"") -> 2.5678426e-05 | R61: =IF($J61<=$C$21,'Property calculations'!BH220,"") -> 0.02049409 | S61: =IF($J61<=$C$21,$C$28/($P61*$C$29),"") -> 0.068931513 | T61: =IF($J61<=$C$21,$S61/$AL61,"") -> 0.00019551015 | U61: =IF($J61<=$C$21,$P61*$S61*($C$12*0.0254)/$Q61,"") -> 1505.1974 | V61: =IF($J61<=$C$21,$AJ61*$Q61/$R61,"") -> 0.66088804 | W61: =IF($J61<=$C$21,IF($U61<2300,64/$U61,0.25/(LOG10(($C$14/$C$12)/3.7+5.74/$U61^0.9)^2)),"") -> 0.042519341 | X61: =IF($J61<=$C$21,IF($U61<2300,3.66,IF($U61>=10000,0.023*$U61^0.8*$V61^IF((($C$16-32)*5/9+273.15)>$O61,0.4,0.3),3.66+($U61-2300)/(10000-2300)*(0.023*10000^0.8*$V61^IF((($C$16-32)*5/9+273.15)>$O61,0.4,0.3)-3.66))),"") -> 3.66 | Y61: =IF($J61<=$C$21,$X61*$R61/($C$12*0.0254),"") -> 1.4286819 | Z61: =IF(OR($J61>=$C$21,$C$15="Adiabatic"),0,1/(1/($Y61*2*PI()*($C$12*0.0254/2)*$C$30)+LN(($C$13*0.0254/2)/($C$12*0.0254/2))/(2*PI()*($C$19*1.730734666)*$C$30)+IF($C$17="Insulated",LN((($C$13*0.0254/2)+$C$18*0.0254)/($C$13*0.0254/2))/(2*PI()*($C$20*1.730734666)*$C$30),0))) -> 0.093910756 | AA61: =IF($J61>=$C$21,0,IF($C$15="Adiabatic",0,$C$28*$AJ61*((($C$16-32)*5/9+273.15)-$O61)*(1-EXP(-$Z61/($C$28*$AJ61))))) -> 0.85550453 | AB61: =IF($J61>=$C$21,0,$AA61/$C$28) -> 536.78009 | AC61: =IF($J61>=$C$21,0,$W61*($C$30/($C$12*0.0254))*($P61*$S61^2/2)) -> 0.012526587 | AD61: =IF($J61>=$C$21,$N61,MAX(1000,$N61-$AC61)) -> 790828.41 | AE61: =IF($J61>=$C$21,$O61,$O62) -> 357.87298 | AF61: =IF($J61>=$C$21,$P61,$P62) -> 10.649066 | AG61: =IF($J61>=$C$21,$S61,$C$28/($AF61*$C$29)) -> 0.069131521 | AH61: =IF($J61>=$C$21,0,$C$30/AVERAGE($S61,$AG61)) -> 8.830749 | AI61: =IF($J61<=$C$21,IF($C$15="Adiabatic","",$C$16),"") -> 200 | AJ61: =IF($J61<=$C$21,'Property calculations'!BE220,"") -> 527.45831 | AK61: =IF($J61<=$C$21,'Property calculations'!BD220,"") -> 29243.398 | AL61: =IF($J61<=$C$21,'Property calculations'!BF220,"") -> 352.57256 | AM61: =IF($J61<=$C$21,'Property calculations'!AU220,"") -> 1
J62: =J61+1 -> 24 | K62: =IF($J62<=$C$21,$J62*$C$11/$C$21,"") -> 48 | L62: =IF($J62<=$C$21,($O62-273.15)*9/5+32,"") -> 184.50137 | M62: =IF($J62<=$C$21,$N62/6894.757293168-$C$10,"") -> 99.999963 | N62: =IF($J62<=$C$21,$AD61,"") -> 790828.41 | O62: =IF(J62<=$C$21,IF(AND('Property calculations'!AU229=1,ABS('Property calculations'!BA229)<0.1),'Property calculations'!C229,NA()),"") -> 357.87298 | P62: =IF($J62<=$C$21,'Property calculations'!BC229,"") -> 10.649066 | Q62: =IF($J62<=$C$21,'Property calculations'!BG229,"") -> 2.5729667e-05 | R62: =IF($J62<=$C$21,'Property calculations'!BH229,"") -> 0.020540835 | S62: =IF($J62<=$C$21,$C$28/($P62*$C$29),"") -> 0.069131521 | T62: =IF($J62<=$C$21,$S62/$AL62,"") -> 0.00019579587 | U62: =IF($J62<=$C$21,$P62*$S62*($C$12*0.0254)/$Q62,"") -> 1502.1997 | V62: =IF($J62<=$C$21,$AJ62*$Q62/$R62,"") -> 0.66064251 | W62: =IF($J62<=$C$21,IF($U62<2300,64/$U62,0.25/(LOG10(($C$14/$C$12)/3.7+5.74/$U62^0.9)^2)),"") -> 0.042604188 | X62: =IF($J62<=$C$21,IF($U62<2300,3.66,IF($U62>=10000,0.023*$U62^0.8*$V62^IF((($C$16-32)*5/9+273.15)>$O62,0.4,0.3),3.66+($U62-2300)/(10000-2300)*(0.023*10000^0.8*$V62^IF((($C$16-32)*5/9+273.15)>$O62,0.4,0.3)-3.66))),"") -> 3.66 | Y62: =IF($J62<=$C$21,$X62*$R62/($C$12*0.0254),"") -> 1.4319405 | Z62: =IF(OR($J62>=$C$21,$C$15="Adiabatic"),0,1/(1/($Y62*2*PI()*($C$12*0.0254/2)*$C$30)+LN(($C$13*0.0254/2)/($C$12*0.0254/2))/(2*PI()*($C$19*1.730734666)*$C$30)+IF($C$17="Insulated",LN((($C$13*0.0254/2)+$C$18*0.0254)/($C$13*0.0254/2))/(2*PI()*($C$20*1.730734666)*$C$30),0))) -> 0.094050678 | AA62: =IF($J62>=$C$21,0,IF($C$15="Adiabatic",0,$C$28*$AJ62*((($C$16-32)*5/9+273.15)-$O62)*(1-EXP(-$Z62/($C$28*$AJ62))))) -> 0.7661487 | AB62: =IF($J62>=$C$21,0,$AA62/$C$28) -> 480.71443 | AC62: =IF($J62>=$C$21,0,$W62*($C$30/($C$12*0.0254))*($P62*$S62^2/2)) -> 0.012588003 | AD62: =IF($J62>=$C$21,$N62,MAX(1000,$N62-$AC62)) -> 790828.39 | AE62: =IF($J62>=$C$21,$O62,$O63) -> 358.78447 | AF62: =IF($J62>=$C$21,$P62,$P63) -> 10.621547 | AG62: =IF($J62>=$C$21,$S62,$C$28/($AF62*$C$29)) -> 0.069310638 | AH62: =IF($J62>=$C$21,0,$C$30/AVERAGE($S62,$AG62)) -> 8.8065659 | AI62: =IF($J62<=$C$21,IF($C$15="Adiabatic","",$C$16),"") -> 200 | AJ62: =IF($J62<=$C$21,'Property calculations'!BE229,"") -> 527.41253 | AK62: =IF($J62<=$C$21,'Property calculations'!BD229,"") -> 29780.178 | AL62: =IF($J62<=$C$21,'Property calculations'!BF229,"") -> 353.07957 | AM62: =IF($J62<=$C$21,'Property calculations'!AU229,"") -> 1
J63: =J62+1 -> 25 | K63: =IF($J63<=$C$21,$J63*$C$11/$C$21,"") -> 50 | L63: =IF($J63<=$C$21,($O63-273.15)*9/5+32,"") -> 186.14205 | M63: =IF($J63<=$C$21,$N63/6894.757293168-$C$10,"") -> 99.999961 | N63: =IF($J63<=$C$21,$AD62,"") -> 790828.39 | O63: =IF(J63<=$C$21,IF(AND('Property calculations'!AU238=1,ABS('Property calculations'!BA238)<0.1),'Property calculations'!C238,NA()),"") -> 358.78447 | P63: =IF($J63<=$C$21,'Property calculations'!BC238,"") -> 10.621547 | Q63: =IF($J63<=$C$21,'Property calculations'!BG238,"") -> 2.5775522e-05 | R63: =IF($J63<=$C$21,'Property calculations'!BH238,"") -> 0.020582678 | S63: =IF($J63<=$C$21,$C$28/($P63*$C$29),"") -> 0.069310638 | T63: =IF($J63<=$C$21,$S63/$AL63,"") -> 0.00019605139 | U63: =IF($J63<=$C$21,$P63*$S63*($C$12*0.0254)/$Q63,"") -> 1499.5273 | V63: =IF($J63<=$C$21,$AJ63*$Q63/$R63,"") -> 0.66042359 | W63: =IF($J63<=$C$21,IF($U63<2300,64/$U63,0.25/(LOG10(($C$14/$C$12)/3.7+5.74/$U63^0.9)^2)),"") -> 0.042680117 | X63: =IF($J63<=$C$21,IF($U63<2300,3.66,IF($U63>=10000,0.023*$U63^0.8*$V63^IF((($C$16-32)*5/9+273.15)>$O63,0.4,0.3),3.66+($U63-2300)/(10000-2300)*(0.023*10000^0.8*$V63^IF((($C$16-32)*5/9+273.15)>$O63,0.4,0.3)-3.66))),"") -> 3.66 | Y63: =IF($J63<=$C$21,$X63*$R63/($C$12*0.0254),"") -> 1.4348575 | Z63: =IF(OR($J63>=$C$21,$C$15="Adiabatic"),0,1/(1/($Y63*2*PI()*($C$12*0.0254/2)*$C$30)+LN(($C$13*0.0254/2)/($C$12*0.0254/2))/(2*PI()*($C$19*1.730734666)*$C$30)+IF($C$17="Insulated",LN((($C$13*0.0254/2)+$C$18*0.0254)/($C$13*0.0254/2))/(2*PI()*($C$20*1.730734666)*$C$30),0))) -> 0.09417574 | AA63: =IF($J63>=$C$21,0,IF($C$15="Adiabatic",0,$C$28*$AJ63*((($C$16-32)*5/9+273.15)-$O63)*(1-EXP(-$Z63/($C$28*$AJ63))))) -> 0.68590203 | AB63: =IF($J63>=$C$21,0,$AA63/$C$28) -> 430.36423 | AC63: =IF($J63>=$C$21,0,$W63*($C$30/($C$12*0.0254))*($P63*$S63^2/2)) -> 0.01264311 | AD63: =IF($J63>=$C$21,$N63,MAX(1000,$N63-$AC63)) -> 790828.38 | AE63: =IF($J63>=$C$21,$O63,$O64) -> 359.60056 | AF63: =IF($J63>=$C$21,$P63,$P64) -> 10.59703 | AG63: =IF($J63>=$C$21,$S63,$C$28/($AF63*$C$29)) -> 0.069470992 | AH63: =IF($J63>=$C$21,0,$C$30/AVERAGE($S63,$AG63)) -> 8.7850244 | AI63: =IF($J63<=$C$21,IF($C$15="Adiabatic","",$C$16),"") -> 200 | AJ63: =IF($J63<=$C$21,'Property calculations'!BE238,"") -> 527.37189 | AK63: =IF($J63<=$C$21,'Property calculations'!BD238,"") -> 30260.893 | AL63: =IF($J63<=$C$21,'Property calculations'!BF238,"") -> 353.53301 | AM63: =IF($J63<=$C$21,'Property calculations'!AU238,"") -> 1
J64: =J63+1 -> 26 | K64: =IF($J64<=$C$21,$J64*$C$11/$C$21,"") -> 52 | L64: =IF($J64<=$C$21,($O64-273.15)*9/5+32,"") -> 187.611 | M64: =IF($J64<=$C$21,$N64/6894.757293168-$C$10,"") -> 99.999959 | N64: =IF($J64<=$C$21,$AD63,"") -> 790828.38 | O64: =IF(J64<=$C$21,IF(AND('Property calculations'!AU247=1,ABS('Property calculations'!BA247)<0.1),'Property calculations'!C247,NA()),"") -> 359.60056 | P64: =IF($J64<=$C$21,'Property calculations'!BC247,"") -> 10.59703 | Q64: =IF($J64<=$C$21,'Property calculations'!BG247,"") -> 2.5816548e-05 | R64: =IF($J64<=$C$21,'Property calculations'!BH247,"") -> 0.020620123 | S64: =IF($J64<=$C$21,$C$28/($P64*$C$29),"") -> 0.069470992 | T64: =IF($J64<=$C$21,$S64/$AL64,"") -> 0.00019627987 | U64: =IF($J64<=$C$21,$P64*$S64*($C$12*0.0254)/$Q64,"") -> 1497.1443 | V64: =IF($J64<=$C$21,$AJ64*$Q64/$R64,"") -> 0.66022836 | W64: =IF($J64<=$C$21,IF($U64<2300,64/$U64,0.25/(LOG10(($C$14/$C$12)/3.7+5.74/$U64^0.9)^2)),"") -> 0.042748049 | X64: =IF($J64<=$C$21,IF($U64<2300,3.66,IF($U64>=10000,0.023*$U64^0.8*$V64^IF((($C$16-32)*5/9+273.15)>$O64,0.4,0.3),3.66+($U64-2300)/(10000-2300)*(0.023*10000^0.8*$V64^IF((($C$16-32)*5/9+273.15)>$O64,0.4,0.3)-3.66))),"") -> 3.66 | Y64: =IF($J64<=$C$21,$X64*$R64/($C$12*0.0254),"") -> 1.4374678 | Z64: =IF(OR($J64>=$C$21,$C$15="Adiabatic"),0,1/(1/($Y64*2*PI()*($C$12*0.0254/2)*$C$30)+LN(($C$13*0.0254/2)/($C$12*0.0254/2))/(2*PI()*($C$19*1.730734666)*$C$30)+IF($C$17="Insulated",LN((($C$13*0.0254/2)+$C$18*0.0254)/($C$13*0.0254/2))/(2*PI()*($C$20*1.730734666)*$C$30),0))) -> 0.094287508 | AA64: =IF($J64>=$C$21,0,IF($C$15="Adiabatic",0,$C$28*$AJ64*((($C$16-32)*5/9+273.15)-$O64)*(1-EXP(-$Z64/($C$28*$AJ64))))) -> 0.61388149 | AB64: =IF($J64>=$C$21,0,$AA64/$C$28) -> 385.17547 | AC64: =IF($J64>=$C$21,0,$W64*($C$30/($C$12*0.0254))*($P64*$S64^2/2)) -> 0.012692531 | AD64: =IF($J64>=$C$21,$N64,MAX(1000,$N64-$AC64)) -> 790828.37 | AE64: =IF($J64>=$C$21,$O64,$O65) -> 360.331 | AF64: =IF($J64>=$C$21,$P64,$P65) -> 10.575183 | AG64: =IF($J64>=$C$21,$S64,$C$28/($AF64*$C$29)) -> 0.069614509 | AH64: =IF($J64>=$C$21,0,$C$30/AVERAGE($S64,$AG64)) -> 8.765831 | AI64: =IF($J64<=$C$21,IF($C$15="Adiabatic","",$C$16),"") -> 200 | AJ64: =IF($J64<=$C$21,'Property calculations'!BE247,"") -> 527.33579 | AK64: =IF($J64<=$C$21,'Property calculations'!BD247,"") -> 30691.257 | AL64: =IF($J64<=$C$21,'Property calculations'!BF247,"") -> 353.93845 | AM64: =IF($J64<=$C$21,'Property calculations'!AU247,"") -> 1
J65: =J64+1 -> 27 | K65: =IF($J65<=$C$21,$J65*$C$11/$C$21,"") -> 54 | L65: =IF($J65<=$C$21,($O65-273.15)*9/5+32,"") -> 188.92579 | M65: =IF($J65<=$C$21,$N65/6894.757293168-$C$10,"") -> 99.999957 | N65: =IF($J65<=$C$21,$AD64,"") -> 790828.37 | O65: =IF(J65<=$C$21,IF(AND('Property calculations'!AU256=1,ABS('Property calculations'!BA256)<0.1),'Property calculations'!C256,NA()),"") -> 360.331 | P65: =IF($J65<=$C$21,'Property calculations'!BC256,"") -> 10.575183 | Q65: =IF($J65<=$C$21,'Property calculations'!BG256,"") -> 2.5853245e-05 | R65: =IF($J65<=$C$21,'Property calculations'!BH256,"") -> 0.020653623 | S65: =IF($J65<=$C$21,$C$28/($P65*$C$29),"") -> 0.069614509 | T65: =IF($J65<=$C$21,$S65/$AL65,"") -> 0.00019648413 | U65: =IF($J65<=$C$21,$P65*$S65*($C$12*0.0254)/$Q65,"") -> 1495.0193 | V65: =IF($J65<=$C$21,$AJ65*$Q65/$R65,"") -> 0.66005423 | W65: =IF($J65<=$C$21,IF($U65<2300,64/$U65,0.25/(LOG10(($C$14/$C$12)/3.7+5.74/$U65^0.9)^2)),"") -> 0.042808813 | X65: =IF($J65<=$C$21,IF($U65<2300,3.66,IF($U65>=10000,0.023*$U65^0.8*$V65^IF((($C$16-32)*5/9+273.15)>$O65,0.4,0.3),3.66+($U65-2300)/(10000-2300)*(0.023*10000^0.8*$V65^IF((($C$16-32)*5/9+273.15)>$O65,0.4,0.3)-3.66))),"") -> 3.66 | Y65: =IF($J65<=$C$21,$X65*$R65/($C$12*0.0254),"") -> 1.4398032 | Z65: =IF(OR($J65>=$C$21,$C$15="Adiabatic"),0,1/(1/($Y65*2*PI()*($C$12*0.0254/2)*$C$30)+LN(($C$13*0.0254/2)/($C$12*0.0254/2))/(2*PI()*($C$19*1.730734666)*$C$30)+IF($C$17="Insulated",LN((($C$13*0.0254/2)+$C$18*0.0254)/($C$13*0.0254/2))/(2*PI()*($C$20*1.730734666)*$C$30),0))) -> 0.094387384 | AA65: =IF($J65>=$C$21,0,IF($C$15="Adiabatic",0,$C$28*$AJ65*((($C$16-32)*5/9+273.15)-$O65)*(1-EXP(-$Z65/($C$28*$AJ65))))) -> 0.54928022 | AB65: =IF($J65>=$C$21,0,$AA65/$C$28) -> 344.64188 | AC65: =IF($J65>=$C$21,0,$W65*($C$30/($C$12*0.0254))*($P65*$S65^2/2)) -> 0.012736831 | AD65: =IF($J65>=$C$21,$N65,MAX(1000,$N65-$AC65)) -> 790828.36 | AE65: =IF($J65>=$C$21,$O65,$O66) -> 360.98461 | AF65: =IF($J65>=$C$21,$P65,$P66) -> 10.555712 | AG65: =IF($J65>=$C$21,$S65,$C$28/($AF65*$C$29)) -> 0.069742922 | AH65: =IF($J65>=$C$21,0,$C$30/AVERAGE($S65,$AG65)) -> 8.7487262 | AI65: =IF($J65<=$C$21,IF($C$15="Adiabatic","",$C$16),"") -> 200 | AJ65: =IF($J65<=$C$21,'Property calculations'!BE256,"") -> 527.3037 | AK65: =IF($J65<=$C$21,'Property calculations'!BD256,"") -> 31076.432 | AL65: =IF($J65<=$C$21,'Property calculations'!BF256,"") -> 354.30093 | AM65: =IF($J65<=$C$21,'Property calculations'!AU256,"") -> 1
J66: =J65+1 -> 28 | K66: =IF($J66<=$C$21,$J66*$C$11/$C$21,"") -> 56 | L66: =IF($J66<=$C$21,($O66-273.15)*9/5+32,"") -> 190.10229 | M66: =IF($J66<=$C$21,$N66/6894.757293168-$C$10,"") -> 99.999956 | N66: =IF($J66<=$C$21,$AD65,"") -> 790828.36 | O66: =IF(J66<=$C$21,IF(AND('Property calculations'!AU265=1,ABS('Property calculations'!BA265)<0.1),'Property calculations'!C265,NA()),"") -> 360.98461 | P66: =IF($J66<=$C$21,'Property calculations'!BC265,"") -> 10.555712 | Q66: =IF($J66<=$C$21,'Property calculations'!BG265,"") -> 2.5886063e-05 | R66: =IF($J66<=$C$21,'Property calculations'!BH265,"") -> 0.020683589 | S66: =IF($J66<=$C$21,$C$28/($P66*$C$29),"") -> 0.069742922 | T66: =IF($J66<=$C$21,$S66/$AL66,"") -> 0.00019666671 | U66: =IF($J66<=$C$21,$P66*$S66*($C$12*0.0254)/$Q66,"") -> 1493.1239 | V66: =IF($J66<=$C$21,$AJ66*$Q66/$R66,"") -> 0.65989891 | W66: =IF($J66<=$C$21,IF($U66<2300,64/$U66,0.25/(LOG10(($C$14/$C$12)/3.7+5.74/$U66^0.9)^2)),"") -> 0.042863155 | X66: =IF($J66<=$C$21,IF($U66<2300,3.66,IF($U66>=10000,0.023*$U66^0.8*$V66^IF((($C$16-32)*5/9+273.15)>$O66,0.4,0.3),3.66+($U66-2300)/(10000-2300)*(0.023*10000^0.8*$V66^IF((($C$16-32)*5/9+273.15)>$O66,0.4,0.3)-3.66))),"") -> 3.66 | Y66: =IF($J66<=$C$21,$X66*$R66/($C$12*0.0254),"") -> 1.4418922 | Z66: =IF(OR($J66>=$C$21,$C$15="Adiabatic"),0,1/(1/($Y66*2*PI()*($C$12*0.0254/2)*$C$30)+LN(($C$13*0.0254/2)/($C$12*0.0254/2))/(2*PI()*($C$19*1.730734666)*$C$30)+IF($C$17="Insulated",LN((($C$13*0.0254/2)+$C$18*0.0254)/($C$13*0.0254/2))/(2*PI()*($C$20*1.730734666)*$C$30),0))) -> 0.094476626 | AA66: =IF($J66>=$C$21,0,IF($C$15="Adiabatic",0,$C$28*$AJ66*((($C$16-32)*5/9+273.15)-$O66)*(1-EXP(-$Z66/($C$28*$AJ66))))) -> 0.49136302 | AB66: =IF($J66>=$C$21,0,$AA66/$C$28) -> 308.30215 | AC66: =IF($J66>=$C$21,0,$W66*($C$30/($C$12*0.0254))*($P66*$S66^2/2)) -> 0.012776523 | AD66: =IF($J66>=$C$21,$N66,MAX(1000,$N66-$AC66)) -> 790828.34 | AE66: =IF($J66>=$C$21,$O66,$O67) -> 361.56933 | AF66: =IF($J66>=$C$21,$P66,$P67) -> 10.538354 | AG66: =IF($J66>=$C$21,$S66,$C$28/($AF66*$C$29)) -> 0.069857794 | AH66: =IF($J66>=$C$21,0,$C$30/AVERAGE($S66,$AG66)) -> 8.7334796 | AI66: =IF($J66<=$C$21,IF($C$15="Adiabatic","",$C$16),"") -> 200 | AJ66: =IF($J66<=$C$21,'Property calculations'!BE265,"") -> 527.27517 | AK66: =IF($J66<=$C$21,'Property calculations'!BD265,"") -> 31421.074 | AL66: =IF($J66<=$C$21,'Property calculations'!BF265,"") -> 354.62494 | AM66: =IF($J66<=$C$21,'Property calculations'!AU265,"") -> 1
J67: =J66+1 -> 29 | K67: =IF($J67<=$C$21,$J67*$C$11/$C$21,"") -> 58 | L67: =IF($J67<=$C$21,($O67-273.15)*9/5+32,"") -> 191.15479 | M67: =IF($J67<=$C$21,$N67/6894.757293168-$C$10,"") -> 99.999954 | N67: =IF($J67<=$C$21,$AD66,"") -> 790828.34 | O67: =IF(J67<=$C$21,IF(AND('Property calculations'!AU274=1,ABS('Property calculations'!BA274)<0.1),'Property calculations'!C274,NA()),"") -> 361.56933 | P67: =IF($J67<=$C$21,'Property calculations'!BC274,"") -> 10.538354 | Q67: =IF($J67<=$C$21,'Property calculations'!BG274,"") -> 2.5915407e-05 | R67: =IF($J67<=$C$21,'Property calculations'!BH274,"") -> 0.020710387 | S67: =IF($J67<=$C$21,$C$28/($P67*$C$29),"") -> 0.069857794 | T67: =IF($J67<=$C$21,$S67/$AL67,"") -> 0.0001968299 | U67: =IF($J67<=$C$21,$P67*$S67*($C$12*0.0254)/$Q67,"") -> 1491.4332 | V67: =IF($J67<=$C$21,$AJ67*$Q67/$R67,"") -> 0.65976035 | W67: =IF($J67<=$C$21,IF($U67<2300,64/$U67,0.25/(LOG10(($C$14/$C$12)/3.7+5.74/$U67^0.9)^2)),"") -> 0.042911744 | X67: =IF($J67<=$C$21,IF($U67<2300,3.66,IF($U67>=10000,0.023*$U67^0.8*$V67^IF((($C$16-32)*5/9+273.15)>$O67,0.4,0.3),3.66+($U67-2300)/(10000-2300)*(0.023*10000^0.8*$V67^IF((($C$16-32)*5/9+273.15)>$O67,0.4,0.3)-3.66))),"") -> 3.66 | Y67: =IF($J67<=$C$21,$X67*$R67/($C$12*0.0254),"") -> 1.4437604 | Z67: =IF(OR($J67>=$C$21,$C$15="Adiabatic"),0,1/(1/($Y67*2*PI()*($C$12*0.0254/2)*$C$30)+LN(($C$13*0.0254/2)/($C$12*0.0254/2))/(2*PI()*($C$19*1.730734666)*$C$30)+IF($C$17="Insulated",LN((($C$13*0.0254/2)+$C$18*0.0254)/($C$13*0.0254/2))/(2*PI()*($C$20*1.730734666)*$C$30),0))) -> 0.094556357 | AA67: =IF($J67>=$C$21,0,IF($C$15="Adiabatic",0,$C$28*$AJ67*((($C$16-32)*5/9+273.15)-$O67)*(1-EXP(-$Z67/($C$28*$AJ67))))) -> 0.43946152 | AB67: =IF($J67>=$C$21,0,$AA67/$C$28) -> 275.73693 | AC67: =IF($J67>=$C$21,0,$W67*($C$30/($C$12*0.0254))*($P67*$S67^2/2)) -> 0.012812074 | AD67: =IF($J67>=$C$21,$N67,MAX(1000,$N67-$AC67)) -> 790828.33 | AE67: =IF($J67>=$C$21,$O67,$O68) -> 362.09231 | AF67: =IF($J67>=$C$21,$P67,$P68) -> 10.522878 | AG67: =IF($J67>=$C$21,$S67,$C$28/($AF67*$C$29)) -> 0.069960532 | AH67: =IF($J67>=$C$21,0,$C$30/AVERAGE($S67,$AG67)) -> 8.719887 | AI67: =IF($J67<=$C$21,IF($C$15="Adiabatic","",$C$16),"") -> 200 | AJ67: =IF($J67<=$C$21,'Property calculations'!BE274,"") -> 527.24978 | AK67: =IF($J67<=$C$21,'Property calculations'!BD274,"") -> 31729.376 | AL67: =IF($J67<=$C$21,'Property calculations'!BF274,"") -> 354.91454 | AM67: =IF($J67<=$C$21,'Property calculations'!AU274,"") -> 1
J68: =J67+1 -> 30 | K68: =IF($J68<=$C$21,$J68*$C$11/$C$21,"") -> 60 | L68: =IF($J68<=$C$21,($O68-273.15)*9/5+32,"") -> 192.09616 | M68: =IF($J68<=$C$21,$N68/6894.757293168-$C$10,"") -> 99.999952 | N68: =IF($J68<=$C$21,$AD67,"") -> 790828.33 | O68: =IF(J68<=$C$21,IF(AND('Property calculations'!AU283=1,ABS('Property calculations'!BA283)<0.1),'Property calculations'!C283,NA()),"") -> 362.09231 | P68: =IF($J68<=$C$21,'Property calculations'!BC283,"") -> 10.522878 | Q68: =IF($J68<=$C$21,'Property calculations'!BG283,"") -> 2.594164e-05 | R68: =IF($J68<=$C$21,'Property calculations'!BH283,"") -> 0.020734349 | S68: =IF($J68<=$C$21,$C$28/($P68*$C$29),"") -> 0.069960532 | T68: =IF($J68<=$C$21,$S68/$AL68,"") -> 0.00019697574 | U68: =IF($J68<=$C$21,$P68*$S68*($C$12*0.0254)/$Q68,"") -> 1489.925 | V68: =IF($J68<=$C$21,$AJ68*$Q68/$R68,"") -> 0.65963673 | W68: =IF($J68<=$C$21,IF($U68<2300,64/$U68,0.25/(LOG10(($C$14/$C$12)/3.7+5.74/$U68^0.9)^2)),"") -> 0.042955182 | X68: =IF($J68<=$C$21,IF($U68<2300,3.66,IF($U68>=10000,0.023*$U68^0.8*$V68^IF((($C$16-32)*5/9+273.15)>$O68,0.4,0.3),3.66+($U68-2300)/(10000-2300)*(0.023*10000^0.8*$V68^IF((($C$16-32)*5/9+273.15)>$O68,0.4,0.3)-3.66))),"") -> 3.66 | Y68: =IF($J68<=$C$21,$X68*$R68/($C$12*0.0254),"") -> 1.4454308 | Z68: =IF(OR($J68>=$C$21,$C$15="Adiabatic"),0,1/(1/($Y68*2*PI()*($C$12*0.0254/2)*$C$30)+LN(($C$13*0.0254/2)/($C$12*0.0254/2))/(2*PI()*($C$19*1.730734666)*$C$30)+IF($C$17="Insulated",LN((($C$13*0.0254/2)+$C$18*0.0254)/($C$13*0.0254/2))/(2*PI()*($C$20*1.730734666)*$C$30),0))) -> 0.094627588 | AA68: =IF($J68>=$C$21,0,IF($C$15="Adiabatic",0,$C$28*$AJ68*((($C$16-32)*5/9+273.15)-$O68)*(1-EXP(-$Z68/($C$28*$AJ68))))) -> 0.39296944 | AB68: =IF($J68>=$C$21,0,$AA68/$C$28) -> 246.56581 | AC68: =IF($J68>=$C$21,0,$W68*($C$30/($C$12*0.0254))*($P68*$S68^2/2)) -> 0.012843905 | AD68: =IF($J68>=$C$21,$N68,MAX(1000,$N68-$AC68)) -> 790828.32 | AE68: =IF($J68>=$C$21,$O68,$O69) -> 362.55999 | AF68: =IF($J68>=$C$21,$P68,$P69) -> 10.509078 | AG68: =IF($J68>=$C$21,$S68,$C$28/($AF68*$C$29)) -> 0.070052401 | AH68: =IF($J68>=$C$21,0,$C$30/AVERAGE($S68,$AG68)) -> 8.707767 | AI68: =IF($J68<=$C$21,IF($C$15="Adiabatic","",$C$16),"") -> 200 | AJ68: =IF($J68<=$C$21,'Property calculations'!BE283,"") -> 527.22719 | AK68: =IF($J68<=$C$21,'Property calculations'!BD283,"") -> 32005.113 | AL68: =IF($J68<=$C$21,'Property calculations'!BF283,"") -> 355.17335 | AM68: =IF($J68<=$C$21,'Property calculations'!AU283,"") -> 1
J69: =J68+1 -> 31 | K69: =IF($J69<=$C$21,$J69*$C$11/$C$21,"") -> 62 | L69: =IF($J69<=$C$21,($O69-273.15)*9/5+32,"") -> 192.93798 | M69: =IF($J69<=$C$21,$N69/6894.757293168-$C$10,"") -> 99.99995 | N69: =IF($J69<=$C$21,$AD68,"") -> 790828.32 | O69: =IF(J69<=$C$21,IF(AND('Property calculations'!AU292=1,ABS('Property calculations'!BA292)<0.1),'Property calculations'!C292,NA()),"") -> 362.55999 | P69: =IF($J69<=$C$21,'Property calculations'!BC292,"") -> 10.509078 | Q69: =IF($J69<=$C$21,'Property calculations'!BG292,"") -> 2.596509e-05 | R69: =IF($J69<=$C$21,'Property calculations'!BH292,"") -> 0.02075577 | S69: =IF($J69<=$C$21,$C$28/($P69*$C$29),"") -> 0.070052401 | T69: =IF($J69<=$C$21,$S69/$AL69,"") -> 0.00019710606 | U69: =IF($J69<=$C$21,$P69*$S69*($C$12*0.0254)/$Q69,"") -> 1488.5794 | V69: =IF($J69<=$C$21,$AJ69*$Q69/$R69,"") -> 0.65952643 | W69: =IF($J69<=$C$21,IF($U69<2300,64/$U69,0.25/(LOG10(($C$14/$C$12)/3.7+5.74/$U69^0.9)^2)),"") -> 0.042994011 | X69: =IF($J69<=$C$21,IF($U69<2300,3.66,IF($U69>=10000,0.023*$U69^0.8*$V69^IF((($C$16-32)*5/9+273.15)>$O69,0.4,0.3),3.66+($U69-2300)/(10000-2300)*(0.023*10000^0.8*$V69^IF((($C$16-32)*5/9+273.15)>$O69,0.4,0.3)-3.66))),"") -> 3.66 | Y69: =IF($J69<=$C$21,$X69*$R69/($C$12*0.0254),"") -> 1.4469241 | Z69: =IF(OR($J69>=$C$21,$C$15="Adiabatic"),0,1/(1/($Y69*2*PI()*($C$12*0.0254/2)*$C$30)+LN(($C$13*0.0254/2)/($C$12*0.0254/2))/(2*PI()*($C$19*1.730734666)*$C$30)+IF($C$17="Insulated",LN((($C$13*0.0254/2)+$C$18*0.0254)/($C$13*0.0254/2))/(2*PI()*($C$20*1.730734666)*$C$30),0))) -> 0.094691219 | AA69: =IF($J69>=$C$21,0,IF($C$15="Adiabatic",0,$C$28*$AJ69*((($C$16-32)*5/9+273.15)-$O69)*(1-EXP(-$Z69/($C$28*$AJ69))))) -> 0.35133778 | AB69: =IF($J69>=$C$21,0,$AA69/$C$28) -> 220.44433 | AC69: =IF($J69>=$C$21,0,$W69*($C$30/($C$12*0.0254))*($P69*$S69^2/2)) -> 0.012872397 | AD69: =IF($J69>=$C$21,$N69,MAX(1000,$N69-$AC69)) -> 790828.3 | AE69: =IF($J69>=$C$21,$O69,$O70) -> 362.97813 | AF69: =IF($J69>=$C$21,$P69,$P70) -> 10.496771 | AG69: =IF($J69>=$C$21,$S69,$C$28/($AF69*$C$29)) -> 0.070134537 | AH69: =IF($J69>=$C$21,0,$C$30/AVERAGE($S69,$AG69)) -> 8.6969586 | AI69: =IF($J69<=$C$21,IF($C$15="Adiabatic","",$C$16),"") -> 200 | AJ69: =IF($J69<=$C$21,'Property calculations'!BE292,"") -> 527.20707 | AK69: =IF($J69<=$C$21,'Property calculations'!BD292,"") -> 32251.679 | AL69: =IF($J69<=$C$21,'Property calculations'!BF292,"") -> 355.40461 | AM69: =IF($J69<=$C$21,'Property calculations'!AU292,"") -> 1
J70: =J69+1 -> 32 | K70: =IF($J70<=$C$21,$J70*$C$11/$C$21,"") -> 64 | L70: =IF($J70<=$C$21,($O70-273.15)*9/5+32,"") -> 193.69063 | M70: =IF($J70<=$C$21,$N70/6894.757293168-$C$10,"") -> 99.999948 | N70: =IF($J70<=$C$21,$AD69,"") -> 790828.3 | O70: =IF(J70<=$C$21,IF(AND('Property calculations'!AU301=1,ABS('Property calculations'!BA301)<0.1),'Property calculations'!C301,NA()),"") -> 362.97813 | P70: =IF($J70<=$C$21,'Property calculations'!BC301,"") -> 10.496771 | Q70: =IF($J70<=$C$21,'Property calculations'!BG301,"") -> 2.5986048e-05 | R70: =IF($J70<=$C$21,'Property calculations'!BH301,"") -> 0.020774918 | S70: =IF($J70<=$C$21,$C$28/($P70*$C$29),"") -> 0.070134537 | T70: =IF($J70<=$C$21,$S70/$AL70,"") -> 0.00019722249 | U70: =IF($J70<=$C$21,$P70*$S70*($C$12*0.0254)/$Q70,"") -> 1487.3788 | V70: =IF($J70<=$C$21,$AJ70*$Q70/$R70,"") -> 0.65942801 | W70: =IF($J70<=$C$21,IF($U70<2300,64/$U70,0.25/(LOG10(($C$14/$C$12)/3.7+5.74/$U70^0.9)^2)),"") -> 0.043028715 | X70: =IF($J70<=$C$21,IF($U70<2300,3.66,IF($U70>=10000,0.023*$U70^0.8*$V70^IF((($C$16-32)*5/9+273.15)>$O70,0.4,0.3),3.66+($U70-2300)/(10000-2300)*(0.023*10000^0.8*$V70^IF((($C$16-32)*5/9+273.15)>$O70,0.4,0.3)-3.66))),"") -> 3.66 | Y70: =IF($J70<=$C$21,$X70*$R70/($C$12*0.0254),"") -> 1.4482589 | Z70: =IF(OR($J70>=$C$21,$C$15="Adiabatic"),0,1/(1/($Y70*2*PI()*($C$12*0.0254/2)*$C$30)+LN(($C$13*0.0254/2)/($C$12*0.0254/2))/(2*PI()*($C$19*1.730734666)*$C$30)+IF($C$17="Insulated",LN((($C$13*0.0254/2)+$C$18*0.0254)/($C$13*0.0254/2))/(2*PI()*($C$20*1.730734666)*$C$30),0))) -> 0.094748059 | AA70: =IF($J70>=$C$21,0,IF($C$15="Adiabatic",0,$C$28*$AJ70*((($C$16-32)*5/9+273.15)-$O70)*(1-EXP(-$Z70/($C$28*$AJ70))))) -> 0.31407024 | AB70: =IF($J70>=$C$21,0,$AA70/$C$28) -> 197.06108 | AC70: =IF($J70>=$C$21,0,$W70*($C$30/($C$12*0.0254))*($P70*$S70^2/2)) -> 0.012897892 | AD70: =IF($J70>=$C$21,$N70,MAX(1000,$N70-$AC70)) -> 790828.29 | AE70: =IF($J70>=$C$21,$O70,$O71) -> 363.35193 | AF70: =IF($J70>=$C$21,$P70,$P71) -> 10.485793 | AG70: =IF($J70>=$C$21,$S70,$C$28/($AF70*$C$29)) -> 0.070207961 | AH70: =IF($J70>=$C$21,0,$C$30/AVERAGE($S70,$AG70)) -> 8.6873186 | AI70: =IF($J70<=$C$21,IF($C$15="Adiabatic","",$C$16),"") -> 200 | AJ70: =IF($J70<=$C$21,'Property calculations'!BE301,"") -> 527.18916 | AK70: =IF($J70<=$C$21,'Property calculations'!BD301,"") -> 32472.123 | AL70: =IF($J70<=$C$21,'Property calculations'!BF301,"") -> 355.61125 | AM70: =IF($J70<=$C$21,'Property calculations'!AU301,"") -> 1
J71: =J70+1 -> 33 | K71: =IF($J71<=$C$21,$J71*$C$11/$C$21,"") -> 66 | L71: =IF($J71<=$C$21,($O71-273.15)*9/5+32,"") -> 194.36348 | M71: =IF($J71<=$C$21,$N71/6894.757293168-$C$10,"") -> 99.999946 | N71: =IF($J71<=$C$21,$AD70,"") -> 790828.29 | O71: =IF(J71<=$C$21,IF(AND('Property calculations'!AU310=1,ABS('Property calculations'!BA310)<0.1),'Property calculations'!C310,NA()),"") -> 363.35193 | P71: =IF($J71<=$C$21,'Property calculations'!BC310,"") -> 10.485793 | Q71: =IF($J71<=$C$21,'Property calculations'!BG310,"") -> 2.6004778e-05 | R71: =IF($J71<=$C$21,'Property calculations'!BH310,"") -> 0.020792032 | S71: =IF($J71<=$C$21,$C$28/($P71*$C$29),"") -> 0.070207961 | T71: =IF($J71<=$C$21,$S71/$AL71,"") -> 0.00019732652 | U71: =IF($J71<=$C$21,$P71*$S71*($C$12*0.0254)/$Q71,"") -> 1486.3076 | V71: =IF($J71<=$C$21,$AJ71*$Q71/$R71,"") -> 0.65934018 | W71: =IF($J71<=$C$21,IF($U71<2300,64/$U71,0.25/(LOG10(($C$14/$C$12)/3.7+5.74/$U71^0.9)^2)),"") -> 0.043059728 | X71: =IF($J71<=$C$21,IF($U71<2300,3.66,IF($U71>=10000,0.023*$U71^0.8*$V71^IF((($C$16-32)*5/9+273.15)>$O71,0.4,0.3),3.66+($U71-2300)/(10000-2300)*(0.023*10000^0.8*$V71^IF((($C$16-32)*5/9+273.15)>$O71,0.4,0.3)-3.66))),"") -> 3.66 | Y71: =IF($J71<=$C$21,$X71*$R71/($C$12*0.0254),"") -> 1.449452 | Z71: =IF(OR($J71>=$C$21,$C$15="Adiabatic"),0,1/(1/($Y71*2*PI()*($C$12*0.0254/2)*$C$30)+LN(($C$13*0.0254/2)/($C$12*0.0254/2))/(2*PI()*($C$19*1.730734666)*$C$30)+IF($C$17="Insulated",LN((($C$13*0.0254/2)+$C$18*0.0254)/($C$13*0.0254/2))/(2*PI()*($C$20*1.730734666)*$C$30),0))) -> 0.094798828 | AA71: =IF($J71>=$C$21,0,IF($C$15="Adiabatic",0,$C$28*$AJ71*((($C$16-32)*5/9+273.15)-$O71)*(1-EXP(-$Z71/($C$28*$AJ71))))) -> 0.28071876 | AB71: =IF($J71>=$C$21,0,$AA71/$C$28) -> 176.13494 | AC71: =IF($J71>=$C$21,0,$W71*($C$30/($C$12*0.0254))*($P71*$S71^2/2)) -> 0.012920701 | AD71: =IF($J71>=$C$21,$N71,MAX(1000,$N71-$AC71)) -> 790828.28 | AE71: =IF($J71>=$C$21,$O71,$O72) -> 363.68605 | AF71: =IF($J71>=$C$21,$P71,$P72) -> 10.476001 | AG71: =IF($J71>=$C$21,$S71,$C$28/($AF71*$C$29)) -> 0.070273588 | AH71: =IF($J71>=$C$21,0,$C$30/AVERAGE($S71,$AG71)) -> 8.6787198 | AI71: =IF($J71<=$C$21,IF($C$15="Adiabatic","",$C$16),"") -> 200 | AJ71: =IF($J71<=$C$21,'Property calculations'!BE310,"") -> 527.1732 | AK71: =IF($J71<=$C$21,'Property calculations'!BD310,"") -> 32669.185 | AL71: =IF($J71<=$C$21,'Property calculations'!BF310,"") -> 355.79586 | AM71: =IF($J71<=$C$21,'Property calculations'!AU310,"") -> 1
J72: =J71+1 -> 34 | K72: =IF($J72<=$C$21,$J72*$C$11/$C$21,"") -> 68 | L72: =IF($J72<=$C$21,($O72-273.15)*9/5+32,"") -> 194.96489 | M72: =IF($J72<=$C$21,$N72/6894.757293168-$C$10,"") -> 99.999944 | N72: =IF($J72<=$C$21,$AD71,"") -> 790828.28 | O72: =IF(J72<=$C$21,IF(AND('Property calculations'!AU319=1,ABS('Property calculations'!BA319)<0.1),'Property calculations'!C319,NA()),"") -> 363.68605 | P72: =IF($J72<=$C$21,'Property calculations'!BC319,"") -> 10.476001 | Q72: =IF($J72<=$C$21,'Property calculations'!BG319,"") -> 2.6021514e-05 | R72: =IF($J72<=$C$21,'Property calculations'!BH319,"") -> 0.020807326 | S72: =IF($J72<=$C$21,$C$28/($P72*$C$29),"") -> 0.070273588 | T72: =IF($J72<=$C$21,$S72/$AL72,"") -> 0.00019741946 | U72: =IF($J72<=$C$21,$P72*$S72*($C$12*0.0254)/$Q72,"") -> 1485.3516 | V72: =IF($J72<=$C$21,$AJ72*$Q72/$R72,"") -> 0.6592618 | W72: =IF($J72<=$C$21,IF($U72<2300,64/$U72,0.25/(LOG10(($C$14/$C$12)/3.7+5.74/$U72^0.9)^2)),"") -> 0.043087441 | X72: =IF($J72<=$C$21,IF($U72<2300,3.66,IF($U72>=10000,0.023*$U72^0.8*$V72^IF((($C$16-32)*5/9+273.15)>$O72,0.4,0.3),3.66+($U72-2300)/(10000-2300)*(0.023*10000^0.8*$V72^IF((($C$16-32)*5/9+273.15)>$O72,0.4,0.3)-3.66))),"") -> 3.66 | Y72: =IF($J72<=$C$21,$X72*$R72/($C$12*0.0254),"") -> 1.4505181 | Z72: =IF(OR($J72>=$C$21,$C$15="Adiabatic"),0,1/(1/($Y72*2*PI()*($C$12*0.0254/2)*$C$30)+LN(($C$13*0.0254/2)/($C$12*0.0254/2))/(2*PI()*($C$19*1.730734666)*$C$30)+IF($C$17="Insulated",LN((($C$13*0.0254/2)+$C$18*0.0254)/($C$13*0.0254/2))/(2*PI()*($C$20*1.730734666)*$C$30),0))) -> 0.094844175 | AA72: =IF($J72>=$C$21,0,IF($C$15="Adiabatic",0,$C$28*$AJ72*((($C$16-32)*5/9+273.15)-$O72)*(1-EXP(-$Z72/($C$28*$AJ72))))) -> 0.25087936 | AB72: =IF($J72>=$C$21,0,$AA72/$C$28) -> 157.41243 | AC72: =IF($J72>=$C$21,0,$W72*($C$30/($C$12*0.0254))*($P72*$S72^2/2)) -> 0.012941102 | AD72: =IF($J72>=$C$21,$N72,MAX(1000,$N72-$AC72)) -> 790828.27 | AE72: =IF($J72>=$C$21,$O72,$O73) -> 363.98466 | AF72: =IF($J72>=$C$21,$P72,$P73) -> 10.467265 | AG72: =IF($J72>=$C$21,$S72,$C$28/($AF72*$C$29)) -> 0.070332238 | AH72: =IF($J72>=$C$21,0,$C$30/AVERAGE($S72,$AG72)) -> 8.6710489 | AI72: =IF($J72<=$C$21,IF($C$15="Adiabatic","",$C$16),"") -> 200 | AJ72: =IF($J72<=$C$21,'Property calculations'!BE319,"") -> 527.15899 | AK72: =IF($J72<=$C$21,'Property calculations'!BD319,"") -> 32845.319 | AL72: =IF($J72<=$C$21,'Property calculations'!BF319,"") -> 355.96079 | AM72: =IF($J72<=$C$21,'Property calculations'!AU319,"") -> 1
J73: =J72+1 -> 35 | K73: =IF($J73<=$C$21,$J73*$C$11/$C$21,"") -> 70 | L73: =IF($J73<=$C$21,($O73-273.15)*9/5+32,"") -> 195.50238 | M73: =IF($J73<=$C$21,$N73/6894.757293168-$C$10,"") -> 99.999943 | N73: =IF($J73<=$C$21,$AD72,"") -> 790828.27 | O73: =IF(J73<=$C$21,IF(AND('Property calculations'!AU328=1,ABS('Property calculations'!BA328)<0.1),'Property calculations'!C328,NA()),"") -> 363.98466 | P73: =IF($J73<=$C$21,'Property calculations'!BC328,"") -> 10.467265 | Q73: =IF($J73<=$C$21,'Property calculations'!BG328,"") -> 2.6036468e-05 | R73: =IF($J73<=$C$21,'Property calculations'!BH328,"") -> 0.020820992 | S73: =IF($J73<=$C$21,$C$28/($P73*$C$29),"") -> 0.070332238 | T73: =IF($J73<=$C$21,$S73/$AL73,"") -> 0.00019750248 | U73: =IF($J73<=$C$21,$P73*$S73*($C$12*0.0254)/$Q73,"") -> 1484.4985 | V73: =IF($J73<=$C$21,$AJ73*$Q73/$R73,"") -> 0.65919186 | W73: =IF($J73<=$C$21,IF($U73<2300,64/$U73,0.25/(LOG10(($C$14/$C$12)/3.7+5.74/$U73^0.9)^2)),"") -> 0.043112202 | X73: =IF($J73<=$C$21,IF($U73<2300,3.66,IF($U73>=10000,0.023*$U73^0.8*$V73^IF((($C$16-32)*5/9+273.15)>$O73,0.4,0.3),3.66+($U73-2300)/(10000-2300)*(0.023*10000^0.8*$V73^IF((($C$16-32)*5/9+273.15)>$O73,0.4,0.3)-3.66))),"") -> 3.66 | Y73: =IF($J73<=$C$21,$X73*$R73/($C$12*0.0254),"") -> 1.4514708 | Z73: =IF(OR($J73>=$C$21,$C$15="Adiabatic"),0,1/(1/($Y73*2*PI()*($C$12*0.0254/2)*$C$30)+LN(($C$13*0.0254/2)/($C$12*0.0254/2))/(2*PI()*($C$19*1.730734666)*$C$30)+IF($C$17="Insulated",LN((($C$13*0.0254/2)+$C$18*0.0254)/($C$13*0.0254/2))/(2*PI()*($C$20*1.730734666)*$C$30),0))) -> 0.094884675 | AA73: =IF($J73>=$C$21,0,IF($C$15="Adiabatic",0,$C$28*$AJ73*((($C$16-32)*5/9+273.15)-$O73)*(1-EXP(-$Z73/($C$28*$AJ73))))) -> 0.22418821 | AB73: =IF($J73>=$C$21,0,$AA73/$C$28) -> 140.66526 | AC73: =IF($J73>=$C$21,0,$W73*($C$30/($C$12*0.0254))*($P73*$S73^2/2)) -> 0.012959345 | AD73: =IF($J73>=$C$21,$N73,MAX(1000,$N73-$AC73)) -> 790828.25 | AE73: =IF($J73>=$C$21,$O73,$O74) -> 364.2515 | AF73: =IF($J73>=$C$21,$P73,$P74) -> 10.45947 | AG73: =IF($J73>=$C$21,$S73,$C$28/($AF73*$C$29)) -> 0.070384649 | AH73: =IF($J73>=$C$21,0,$C$30/AVERAGE($S73,$AG73)) -> 8.6642053 | AI73: =IF($J73<=$C$21,IF($C$15="Adiabatic","",$C$16),"") -> 200 | AJ73: =IF($J73<=$C$21,'Property calculations'!BE328,"") -> 527.14632 | AK73: =IF($J73<=$C$21,'Property calculations'!BD328,"") -> 33002.732 | AL73: =IF($J73<=$C$21,'Property calculations'!BF328,"") -> 356.10813 | AM73: =IF($J73<=$C$21,'Property calculations'!AU328,"") -> 1
J74: =J73+1 -> 36 | K74: =IF($J74<=$C$21,$J74*$C$11/$C$21,"") -> 72 | L74: =IF($J74<=$C$21,($O74-273.15)*9/5+32,"") -> 195.9827 | M74: =IF($J74<=$C$21,$N74/6894.757293168-$C$10,"") -> 99.999941 | N74: =IF($J74<=$C$21,$AD73,"") -> 790828.25 | O74: =IF(J74<=$C$21,IF(AND('Property calculations'!AU337=1,ABS('Property calculations'!BA337)<0.1),'Property calculations'!C337,NA()),"") -> 364.2515 | P74: =IF($J74<=$C$21,'Property calculations'!BC337,"") -> 10.45947 | Q74: =IF($J74<=$C$21,'Property calculations'!BG337,"") -> 2.6049828e-05 | R74: =IF($J74<=$C$21,'Property calculations'!BH337,"") -> 0.020833203 | S74: =IF($J74<=$C$21,$C$28/($P74*$C$29),"") -> 0.070384649 | T74: =IF($J74<=$C$21,$S74/$AL74,"") -> 0.00019757664 | U74: =IF($J74<=$C$21,$P74*$S74*($C$12*0.0254)/$Q74,"") -> 1483.7372 | V74: =IF($J74<=$C$21,$AJ74*$Q74/$R74,"") -> 0.65912943 | W74: =IF($J74<=$C$21,IF($U74<2300,64/$U74,0.25/(LOG10(($C$14/$C$12)/3.7+5.74/$U74^0.9)^2)),"") -> 0.043134324 | X74: =IF($J74<=$C$21,IF($U74<2300,3.66,IF($U74>=10000,0.023*$U74^0.8*$V74^IF((($C$16-32)*5/9+273.15)>$O74,0.4,0.3),3.66+($U74-2300)/(10000-2300)*(0.023*10000^0.8*$V74^IF((($C$16-32)*5/9+273.15)>$O74,0.4,0.3)-3.66))),"") -> 3.66 | Y74: =IF($J74<=$C$21,$X74*$R74/($C$12*0.0254),"") -> 1.452322 | Z74: =IF(OR($J74>=$C$21,$C$15="Adiabatic"),0,1/(1/($Y74*2*PI()*($C$12*0.0254/2)*$C$30)+LN(($C$13*0.0254/2)/($C$12*0.0254/2))/(2*PI()*($C$19*1.730734666)*$C$30)+IF($C$17="Insulated",LN((($C$13*0.0254/2)+$C$18*0.0254)/($C$13*0.0254/2))/(2*PI()*($C$20*1.730734666)*$C$30),0))) -> 0.094920846 | AA74: =IF($J74>=$C$21,0,IF($C$15="Adiabatic",0,$C$28*$AJ74*((($C$16-32)*5/9+273.15)-$O74)*(1-EXP(-$Z74/($C$28*$AJ74))))) -> 0.20031794 | AB74: =IF($J74>=$C$21,0,$AA74/$C$28) -> 125.68803 | AC74: =IF($J74>=$C$21,0,$W74*($C$30/($C$12*0.0254))*($P74*$S74^2/2)) -> 0.012975657 | AD74: =IF($J74>=$C$21,$N74,MAX(1000,$N74-$AC74)) -> 790828.24 | AE74: =IF($J74>=$C$21,$O74,$O75) -> 364.48994 | AF74: =IF($J74>=$C$21,$P74,$P75) -> 10.452516 | AG74: =IF($J74>=$C$21,$S74,$C$28/($AF74*$C$29)) -> 0.07043148 | AH74: =IF($J74>=$C$21,0,$C$30/AVERAGE($S74,$AG74)) -> 8.6580991 | AI74: =IF($J74<=$C$21,IF($C$15="Adiabatic","",$C$16),"") -> 200 | AJ74: =IF($J74<=$C$21,'Property calculations'!BE337,"") -> 527.13502 | AK74: =IF($J74<=$C$21,'Property calculations'!BD337,"") -> 33143.397 | AL74: =IF($J74<=$C$21,'Property calculations'!BF337,"") -> 356.23973 | AM74: =IF($J74<=$C$21,'Property calculations'!AU337,"") -> 1
J75: =J74+1 -> 37 | K75: =IF($J75<=$C$21,$J75*$C$11/$C$21,"") -> 74 | L75: =IF($J75<=$C$21,($O75-273.15)*9/5+32,"") -> 196.41189 | M75: =IF($J75<=$C$21,$N75/6894.757293168-$C$10,"") -> 99.999939 | N75: =IF($J75<=$C$21,$AD74,"") -> 790828.24 | O75: =IF(J75<=$C$21,IF(AND('Property calculations'!AU346=1,ABS('Property calculations'!BA346)<0.1),'Property calculations'!C346,NA()),"") -> 364.48994 | P75: =IF($J75<=$C$21,'Property calculations'!BC346,"") -> 10.452516 | Q75: =IF($J75<=$C$21,'Property calculations'!BG346,"") -> 2.6061764e-05 | R75: =IF($J75<=$C$21,'Property calculations'!BH346,"") -> 0.020844112 | S75: =IF($J75<=$C$21,$C$28/($P75*$C$29),"") -> 0.07043148 | T75: =IF($J75<=$C$21,$S75/$AL75,"") -> 0.00019764288 | U75: =IF($J75<=$C$21,$P75*$S75*($C$12*0.0254)/$Q75,"") -> 1483.0577 | V75: =IF($J75<=$C$21,$AJ75*$Q75/$R75,"") -> 0.6590737 | W75: =IF($J75<=$C$21,IF($U75<2300,64/$U75,0.25/(LOG10(($C$14/$C$12)/3.7+5.74/$U75^0.9)^2)),"") -> 0.043154087 | X75: =IF($J75<=$C$21,IF($U75<2300,3.66,IF($U75>=10000,0.023*$U75^0.8*$V75^IF((($C$16-32)*5/9+273.15)>$O75,0.4,0.3),3.66+($U75-2300)/(10000-2300)*(0.023*10000^0.8*$V75^IF((($C$16-32)*5/9+273.15)>$O75,0.4,0.3)-3.66))),"") -> 3.66 | Y75: =IF($J75<=$C$21,$X75*$R75/($C$12*0.0254),"") -> 1.4530825 | Z75: =IF(OR($J75>=$C$21,$C$15="Adiabatic"),0,1/(1/($Y75*2*PI()*($C$12*0.0254/2)*$C$30)+LN(($C$13*0.0254/2)/($C$12*0.0254/2))/(2*PI()*($C$19*1.730734666)*$C$30)+IF($C$17="Insulated",LN((($C$13*0.0254/2)+$C$18*0.0254)/($C$13*0.0254/2))/(2*PI()*($C$20*1.730734666)*$C$30),0))) -> 0.09495315 | AA75: =IF($J75>=$C$21,0,IF($C$15="Adiabatic",0,$C$28*$AJ75*((($C$16-32)*5/9+273.15)-$O75)*(1-EXP(-$Z75/($C$28*$AJ75))))) -> 0.17897423 | AB75: =IF($J75>=$C$21,0,$AA75/$C$28) -> 112.29608 | AC75: =IF($J75>=$C$21,0,$W75*($C$30/($C$12*0.0254))*($P75*$S75^2/2)) -> 0.01299024 | AD75: =IF($J75>=$C$21,$N75,MAX(1000,$N75-$AC75)) -> 790828.23 | AE75: =IF($J75>=$C$21,$O75,$O76) -> 364.70298 | AF75: =IF($J75>=$C$21,$P75,$P76) -> 10.44631 | AG75: =IF($J75>=$C$21,$S75,$C$28/($AF75*$C$29)) -> 0.07047332 | AH75: =IF($J75>=$C$21,0,$C$30/AVERAGE($S75,$AG75)) -> 8.6526506 | AI75: =IF($J75<=$C$21,IF($C$15="Adiabatic","",$C$16),"") -> 200 | AJ75: =IF($J75<=$C$21,'Property calculations'!BE346,"") -> 527.12495 | AK75: =IF($J75<=$C$21,'Property calculations'!BD346,"") -> 33269.085 | AL75: =IF($J75<=$C$21,'Property calculations'!BF346,"") -> 356.35729 | AM75: =IF($J75<=$C$21,'Property calculations'!AU346,"") -> 1
J76: =J75+1 -> 38 | K76: =IF($J76<=$C$21,$J76*$C$11/$C$21,"") -> 76 | L76: =IF($J76<=$C$21,($O76-273.15)*9/5+32,"") -> 196.79536 | M76: =IF($J76<=$C$21,$N76/6894.757293168-$C$10,"") -> 99.999937 | N76: =IF($J76<=$C$21,$AD75,"") -> 790828.23 | O76: =IF(J76<=$C$21,IF(AND('Property calculations'!AU355=1,ABS('Property calculations'!BA355)<0.1),'Property calculations'!C355,NA()),"") -> 364.70298 | P76: =IF($J76<=$C$21,'Property calculations'!BC355,"") -> 10.44631 | Q76: =IF($J76<=$C$21,'Property calculations'!BG355,"") -> 2.6072426e-05 | R76: =IF($J76<=$C$21,'Property calculations'!BH355,"") -> 0.020853858 | S76: =IF($J76<=$C$21,$C$28/($P76*$C$29),"") -> 0.07047332 | T76: =IF($J76<=$C$21,$S76/$AL76,"") -> 0.00019770204 | U76: =IF($J76<=$C$21,$P76*$S76*($C$12*0.0254)/$Q76,"") -> 1482.4512 | V76: =IF($J76<=$C$21,$AJ76*$Q76/$R76,"") -> 0.65902397 | W76: =IF($J76<=$C$21,IF($U76<2300,64/$U76,0.25/(LOG10(($C$14/$C$12)/3.7+5.74/$U76^0.9)^2)),"") -> 0.043171742 | X76: =IF($J76<=$C$21,IF($U76<2300,3.66,IF($U76>=10000,0.023*$U76^0.8*$V76^IF((($C$16-32)*5/9+273.15)>$O76,0.4,0.3),3.66+($U76-2300)/(10000-2300)*(0.023*10000^0.8*$V76^IF((($C$16-32)*5/9+273.15)>$O76,0.4,0.3)-3.66))),"") -> 3.66 | Y76: =IF($J76<=$C$21,$X76*$R76/($C$12*0.0254),"") -> 1.4537619 | Z76: =IF(OR($J76>=$C$21,$C$15="Adiabatic"),0,1/(1/($Y76*2*PI()*($C$12*0.0254/2)*$C$30)+LN(($C$13*0.0254/2)/($C$12*0.0254/2))/(2*PI()*($C$19*1.730734666)*$C$30)+IF($C$17="Insulated",LN((($C$13*0.0254/2)+$C$18*0.0254)/($C$13*0.0254/2))/(2*PI()*($C$20*1.730734666)*$C$30),0))) -> 0.094981998 | AA76: =IF($J76>=$C$21,0,IF($C$15="Adiabatic",0,$C$28*$AJ76*((($C$16-32)*5/9+273.15)-$O76)*(1-EXP(-$Z76/($C$28*$AJ76))))) -> 0.15989271 | AB76: =IF($J76>=$C$21,0,$AA76/$C$28) -> 100.32351 | AC76: =IF($J76>=$C$21,0,$W76*($C$30/($C$12*0.0254))*($P76*$S76^2/2)) -> 0.013003274 | AD76: =IF($J76>=$C$21,$N76,MAX(1000,$N76-$AC76)) -> 790828.21 | AE76: =IF($J76>=$C$21,$O76,$O77) -> 364.8933 | AF76: =IF($J76>=$C$21,$P76,$P77) -> 10.440772 | AG76: =IF($J76>=$C$21,$S76,$C$28/($AF76*$C$29)) -> 0.0705107 | AH76: =IF($J76>=$C$21,0,$C$30/AVERAGE($S76,$AG76)) -> 8.6477885 | AI76: =IF($J76<=$C$21,IF($C$15="Adiabatic","",$C$16),"") -> 200 | AJ76: =IF($J76<=$C$21,'Property calculations'!BE355,"") -> 527.11597 | AK76: =IF($J76<=$C$21,'Property calculations'!BD355,"") -> 33381.381 | AL76: =IF($J76<=$C$21,'Property calculations'!BF355,"") -> 356.46228 | AM76: =IF($J76<=$C$21,'Property calculations'!AU355,"") -> 1
J77: =J76+1 -> 39 | K77: =IF($J77<=$C$21,$J77*$C$11/$C$21,"") -> 78 | L77: =IF($J77<=$C$21,($O77-273.15)*9/5+32,"") -> 197.13795 | M77: =IF($J77<=$C$21,$N77/6894.757293168-$C$10,"") -> 99.999935 | N77: =IF($J77<=$C$21,$AD76,"") -> 790828.21 | O77: =IF(J77<=$C$21,IF(AND('Property calculations'!AU364=1,ABS('Property calculations'!BA364)<0.1),'Property calculations'!C364,NA()),"") -> 364.8933 | P77: =IF($J77<=$C$21,'Property calculations'!BC364,"") -> 10.440772 | Q77: =IF($J77<=$C$21,'Property calculations'!BG364,"") -> 2.6081949e-05 | R77: =IF($J77<=$C$21,'Property calculations'!BH364,"") -> 0.020862564 | S77: =IF($J77<=$C$21,$C$28/($P77*$C$29),"") -> 0.0705107 | T77: =IF($J77<=$C$21,$S77/$AL77,"") -> 0.00019775488 | U77: =IF($J77<=$C$21,$P77*$S77*($C$12*0.0254)/$Q77,"") -> 1481.9099 | V77: =IF($J77<=$C$21,$AJ77*$Q77/$R77,"") -> 0.65897958 | W77: =IF($J77<=$C$21,IF($U77<2300,64/$U77,0.25/(LOG10(($C$14/$C$12)/3.7+5.74/$U77^0.9)^2)),"") -> 0.043187511 | X77: =IF($J77<=$C$21,IF($U77<2300,3.66,IF($U77>=10000,0.023*$U77^0.8*$V77^IF((($C$16-32)*5/9+273.15)>$O77,0.4,0.3),3.66+($U77-2300)/(10000-2300)*(0.023*10000^0.8*$V77^IF((($C$16-32)*5/9+273.15)>$O77,0.4,0.3)-3.66))),"") -> 3.66 | Y77: =IF($J77<=$C$21,$X77*$R77/($C$12*0.0254),"") -> 1.4543689 | Z77: =IF(OR($J77>=$C$21,$C$15="Adiabatic"),0,1/(1/($Y77*2*PI()*($C$12*0.0254/2)*$C$30)+LN(($C$13*0.0254/2)/($C$12*0.0254/2))/(2*PI()*($C$19*1.730734666)*$C$30)+IF($C$17="Insulated",LN((($C$13*0.0254/2)+$C$18*0.0254)/($C$13*0.0254/2))/(2*PI()*($C$20*1.730734666)*$C$30),0))) -> 0.09500776 | AA77: =IF($J77>=$C$21,0,IF($C$15="Adiabatic",0,$C$28*$AJ77*((($C$16-32)*5/9+273.15)-$O77)*(1-EXP(-$Z77/($C$28*$AJ77))))) -> 0.14283604 | AB77: =IF($J77>=$C$21,0,$AA77/$C$28) -> 89.621431 | AC77: =IF($J77>=$C$21,0,$W77*($C$30/($C$12*0.0254))*($P77*$S77^2/2)) -> 0.013014924 | AD77: =IF($J77>=$C$21,$N77,MAX(1000,$N77-$AC77)) -> 790828.2 | AE77: =IF($J77>=$C$21,$O77,$O78) -> 365.06333 | AF77: =IF($J77>=$C$21,$P77,$P78) -> 10.43583 | AG77: =IF($J77>=$C$21,$S77,$C$28/($AF77*$C$29)) -> 0.070544093 | AH77: =IF($J77>=$C$21,0,$C$30/AVERAGE($S77,$AG77)) -> 8.6434496 | AI77: =IF($J77<=$C$21,IF($C$15="Adiabatic","",$C$16),"") -> 200 | AJ77: =IF($J77<=$C$21,'Property calculations'!BE364,"") -> 527.10797 | AK77: =IF($J77<=$C$21,'Property calculations'!BD364,"") -> 33481.705 | AL77: =IF($J77<=$C$21,'Property calculations'!BF364,"") -> 356.55606 | AM77: =IF($J77<=$C$21,'Property calculations'!AU364,"") -> 1
J78: =J77+1 -> 40 | K78: =IF($J78<=$C$21,$J78*$C$11/$C$21,"") -> 80 | L78: =IF($J78<=$C$21,($O78-273.15)*9/5+32,"") -> 197.44399 | M78: =IF($J78<=$C$21,$N78/6894.757293168-$C$10,"") -> 99.999933 | N78: =IF($J78<=$C$21,$AD77,"") -> 790828.2 | O78: =IF(J78<=$C$21,IF(AND('Property calculations'!AU373=1,ABS('Property calculations'!BA373)<0.1),'Property calculations'!C373,NA()),"") -> 365.06333 | P78: =IF($J78<=$C$21,'Property calculations'!BC373,"") -> 10.43583 | Q78: =IF($J78<=$C$21,'Property calculations'!BG373,"") -> 2.6090456e-05 | R78: =IF($J78<=$C$21,'Property calculations'!BH373,"") -> 0.02087034 | S78: =IF($J78<=$C$21,$C$28/($P78*$C$29),"") -> 0.070544093 | T78: =IF($J78<=$C$21,$S78/$AL78,"") -> 0.00019780207 | U78: =IF($J78<=$C$21,$P78*$S78*($C$12*0.0254)/$Q78,"") -> 1481.4267 | V78: =IF($J78<=$C$21,$AJ78*$Q78/$R78,"") -> 0.65893995 | W78: =IF($J78<=$C$21,IF($U78<2300,64/$U78,0.25/(LOG10(($C$14/$C$12)/3.7+5.74/$U78^0.9)^2)),"") -> 0.043201597 | X78: =IF($J78<=$C$21,IF($U78<2300,3.66,IF($U78>=10000,0.023*$U78^0.8*$V78^IF((($C$16-32)*5/9+273.15)>$O78,0.4,0.3),3.66+($U78-2300)/(10000-2300)*(0.023*10000^0.8*$V78^IF((($C$16-32)*5/9+273.15)>$O78,0.4,0.3)-3.66))),"") -> 3.66 | Y78: =IF($J78<=$C$21,$X78*$R78/($C$12*0.0254),"") -> 1.454911 | Z78: =IF(OR($J78>=$C$21,$C$15="Adiabatic"),0,1/(1/($Y78*2*PI()*($C$12*0.0254/2)*$C$30)+LN(($C$13*0.0254/2)/($C$12*0.0254/2))/(2*PI()*($C$19*1.730734666)*$C$30)+IF($C$17="Insulated",LN((($C$13*0.0254/2)+$C$18*0.0254)/($C$13*0.0254/2))/(2*PI()*($C$20*1.730734666)*$C$30),0))) -> 0.095030766 | AA78: =IF($J78>=$C$21,0,IF($C$15="Adiabatic",0,$C$28*$AJ78*((($C$16-32)*5/9+273.15)-$O78)*(1-EXP(-$Z78/($C$28*$AJ78))))) -> 0.12759129 | AB78: =IF($J78>=$C$21,0,$AA78/$C$28) -> 80.056224 | AC78: =IF($J78>=$C$21,0,$W78*($C$30/($C$12*0.0254))*($P78*$S78^2/2)) -> 0.013025334 | AD78: =IF($J78>=$C$21,$N78,MAX(1000,$N78-$AC78)) -> 790828.19 | AE78: =IF($J78>=$C$21,$O78,$O79) -> 365.21521 | AF78: =IF($J78>=$C$21,$P78,$P79) -> 10.431419 | AG78: =IF($J78>=$C$21,$S78,$C$28/($AF78*$C$29)) -> 0.070573921 | AH78: =IF($J78>=$C$21,0,$C$30/AVERAGE($S78,$AG78)) -> 8.6395774 | AI78: =IF($J78<=$C$21,IF($C$15="Adiabatic","",$C$16),"") -> 200 | AJ78: =IF($J78<=$C$21,'Property calculations'!BE373,"") -> 527.10083 | AK78: =IF($J78<=$C$21,'Property calculations'!BD373,"") -> 33571.326 | AL78: =IF($J78<=$C$21,'Property calculations'!BF373,"") -> 356.63981 | AM78: =IF($J78<=$C$21,'Property calculations'!AU373,"") -> 1
J79: =J78+1 -> 41 | K79: =IF($J79<=$C$21,$J79*$C$11/$C$21,"") -> 82 | L79: =IF($J79<=$C$21,($O79-273.15)*9/5+32,"") -> 197.71738 | M79: =IF($J79<=$C$21,$N79/6894.757293168-$C$10,"") -> 99.999931 | N79: =IF($J79<=$C$21,$AD78,"") -> 790828.19 | O79: =IF(J79<=$C$21,IF(AND('Property calculations'!AU382=1,ABS('Property calculations'!BA382)<0.1),'Property calculations'!C382,NA()),"") -> 365.21521 | P79: =IF($J79<=$C$21,'Property calculations'!BC382,"") -> 10.431419 | Q79: =IF($J79<=$C$21,'Property calculations'!BG382,"") -> 2.6098054e-05 | R79: =IF($J79<=$C$21,'Property calculations'!BH382,"") -> 0.020877286 | S79: =IF($J79<=$C$21,$C$28/($P79*$C$29),"") -> 0.070573921 | T79: =IF($J79<=$C$21,$S79/$AL79,"") -> 0.00019784422 | U79: =IF($J79<=$C$21,$P79*$S79*($C$12*0.0254)/$Q79,"") -> 1480.9954 | V79: =IF($J79<=$C$21,$AJ79*$Q79/$R79,"") -> 0.65890458 | W79: =IF($J79<=$C$21,IF($U79<2300,64/$U79,0.25/(LOG10(($C$14/$C$12)/3.7+5.74/$U79^0.9)^2)),"") -> 0.043214178 | X79: =IF($J79<=$C$21,IF($U79<2300,3.66,IF($U79>=10000,0.023*$U79^0.8*$V79^IF((($C$16-32)*5/9+273.15)>$O79,0.4,0.3),3.66+($U79-2300)/(10000-2300)*(0.023*10000^0.8*$V79^IF((($C$16-32)*5/9+273.15)>$O79,0.4,0.3)-3.66))),"") -> 3.66 | Y79: =IF($J79<=$C$21,$X79*$R79/($C$12*0.0254),"") -> 1.4553952 | Z79: =IF(OR($J79>=$C$21,$C$15="Adiabatic"),0,1/(1/($Y79*2*PI()*($C$12*0.0254/2)*$C$30)+LN(($C$13*0.0254/2)/($C$12*0.0254/2))/(2*PI()*($C$19*1.730734666)*$C$30)+IF($C$17="Insulated",LN((($C$13*0.0254/2)+$C$18*0.0254)/($C$13*0.0254/2))/(2*PI()*($C$20*1.730734666)*$C$30),0))) -> 0.09505131 | AA79: =IF($J79>=$C$21,0,IF($C$15="Adiabatic",0,$C$28*$AJ79*((($C$16-32)*5/9+273.15)-$O79)*(1-EXP(-$Z79/($C$28*$AJ79))))) -> 0.11396752 | AB79: =IF($J79>=$C$21,0,$AA79/$C$28) -> 71.508092 | AC79: =IF($J79>=$C$21,0,$W79*($C$30/($C$12*0.0254))*($P79*$S79^2/2)) -> 0.013034636 | AD79: =IF($J79>=$C$21,$N79,MAX(1000,$N79-$AC79)) -> 790828.17 | AE79: =IF($J79>=$C$21,$O79,$O80) -> 365.35088 | AF79: =IF($J79>=$C$21,$P79,$P80) -> 10.427483 | AG79: =IF($J79>=$C$21,$S79,$C$28/($AF79*$C$29)) -> 0.070600565 | AH79: =IF($J79>=$C$21,0,$C$30/AVERAGE($S79,$AG79)) -> 8.6361214 | AI79: =IF($J79<=$C$21,IF($C$15="Adiabatic","",$C$16),"") -> 200 | AJ79: =IF($J79<=$C$21,'Property calculations'!BE382,"") -> 527.09446 | AK79: =IF($J79<=$C$21,'Property calculations'!BD382,"") -> 33651.382 | AL79: =IF($J79<=$C$21,'Property calculations'!BF382,"") -> 356.7146 | AM79: =IF($J79<=$C$21,'Property calculations'!AU382,"") -> 1
J80: =J79+1 -> 42 | K80: =IF($J80<=$C$21,$J80*$C$11/$C$21,"") -> 84 | L80: =IF($J80<=$C$21,($O80-273.15)*9/5+32,"") -> 197.96158 | M80: =IF($J80<=$C$21,$N80/6894.757293168-$C$10,"") -> 99.999929 | N80: =IF($J80<=$C$21,$AD79,"") -> 790828.17 | O80: =IF(J80<=$C$21,IF(AND('Property calculations'!AU391=1,ABS('Property calculations'!BA391)<0.1),'Property calculations'!C391,NA()),"") -> 365.35088 | P80: =IF($J80<=$C$21,'Property calculations'!BC391,"") -> 10.427483 | Q80: =IF($J80<=$C$21,'Property calculations'!BG391,"") -> 2.610484e-05 | R80: =IF($J80<=$C$21,'Property calculations'!BH391,"") -> 0.02088349 | S80: =IF($J80<=$C$21,$C$28/($P80*$C$29),"") -> 0.070600565 | T80: =IF($J80<=$C$21,$S80/$AL80,"") -> 0.00019788186 | U80: =IF($J80<=$C$21,$P80*$S80*($C$12*0.0254)/$Q80,"") -> 1480.6105 | V80: =IF($J80<=$C$21,$AJ80*$Q80/$R80,"") -> 0.65887301 | W80: =IF($J80<=$C$21,IF($U80<2300,64/$U80,0.25/(LOG10(($C$14/$C$12)/3.7+5.74/$U80^0.9)^2)),"") -> 0.043225414 | X80: =IF($J80<=$C$21,IF($U80<2300,3.66,IF($U80>=10000,0.023*$U80^0.8*$V80^IF((($C$16-32)*5/9+273.15)>$O80,0.4,0.3),3.66+($U80-2300)/(10000-2300)*(0.023*10000^0.8*$V80^IF((($C$16-32)*5/9+273.15)>$O80,0.4,0.3)-3.66))),"") -> 3.66 | Y80: =IF($J80<=$C$21,$X80*$R80/($C$12*0.0254),"") -> 1.4558277 | Z80: =IF(OR($J80>=$C$21,$C$15="Adiabatic"),0,1/(1/($Y80*2*PI()*($C$12*0.0254/2)*$C$30)+LN(($C$13*0.0254/2)/($C$12*0.0254/2))/(2*PI()*($C$19*1.730734666)*$C$30)+IF($C$17="Insulated",LN((($C$13*0.0254/2)+$C$18*0.0254)/($C$13*0.0254/2))/(2*PI()*($C$20*1.730734666)*$C$30),0))) -> 0.095069655 | AA80: =IF($J80>=$C$21,0,IF($C$15="Adiabatic",0,$C$28*$AJ80*((($C$16-32)*5/9+273.15)-$O80)*(1-EXP(-$Z80/($C$28*$AJ80))))) -> 0.10179362 | AB80: =IF($J80>=$C$21,0,$AA80/$C$28) -> 63.869664 | AC80: =IF($J80>=$C$21,0,$W80*($C$30/($C$12*0.0254))*($P80*$S80^2/2)) -> 0.013042948 | AD80: =IF($J80>=$C$21,$N80,MAX(1000,$N80-$AC80)) -> 790828.16 | AE80: =IF($J80>=$C$21,$O80,$O81) -> 365.47205 | AF80: =IF($J80>=$C$21,$P80,$P81) -> 10.423969 | AG80: =IF($J80>=$C$21,$S80,$C$28/($AF80*$C$29)) -> 0.070624363 | AH80: =IF($J80>=$C$21,0,$C$30/AVERAGE($S80,$AG80)) -> 8.6330368 | AI80: =IF($J80<=$C$21,IF($C$15="Adiabatic","",$C$16),"") -> 200 | AJ80: =IF($J80<=$C$21,'Property calculations'!BE391,"") -> 527.08877 | AK80: =IF($J80<=$C$21,'Property calculations'!BD391,"") -> 33722.891 | AL80: =IF($J80<=$C$21,'Property calculations'!BF391,"") -> 356.78139 | AM80: =IF($J80<=$C$21,'Property calculations'!AU391,"") -> 1
J81: =J80+1 -> 43 | K81: =IF($J81<=$C$21,$J81*$C$11/$C$21,"") -> 86 | L81: =IF($J81<=$C$21,($O81-273.15)*9/5+32,"") -> 198.17969 | M81: =IF($J81<=$C$21,$N81/6894.757293168-$C$10,"") -> 99.999927 | N81: =IF($J81<=$C$21,$AD80,"") -> 790828.16 | O81: =IF(J81<=$C$21,IF(AND('Property calculations'!AU400=1,ABS('Property calculations'!BA400)<0.1),'Property calculations'!C400,NA()),"") -> 365.47205 | P81: =IF($J81<=$C$21,'Property calculations'!BC400,"") -> 10.423969 | Q81: =IF($J81<=$C$21,'Property calculations'!BG400,"") -> 2.61109e-05 | R81: =IF($J81<=$C$21,'Property calculations'!BH400,"") -> 0.020889031 | S81: =IF($J81<=$C$21,$C$28/($P81*$C$29),"") -> 0.070624363 | T81: =IF($J81<=$C$21,$S81/$AL81,"") -> 0.00019791547 | U81: =IF($J81<=$C$21,$P81*$S81*($C$12*0.0254)/$Q81,"") -> 1480.2668 | V81: =IF($J81<=$C$21,$AJ81*$Q81/$R81,"") -> 0.65884482 | W81: =IF($J81<=$C$21,IF($U81<2300,64/$U81,0.25/(LOG10(($C$14/$C$12)/3.7+5.74/$U81^0.9)^2)),"") -> 0.043235449 | X81: =IF($J81<=$C$21,IF($U81<2300,3.66,IF($U81>=10000,0.023*$U81^0.8*$V81^IF((($C$16-32)*5/9+273.15)>$O81,0.4,0.3),3.66+($U81-2300)/(10000-2300)*(0.023*10000^0.8*$V81^IF((($C$16-32)*5/9+273.15)>$O81,0.4,0.3)-3.66))),"") -> 3.66 | Y81: =IF($J81<=$C$21,$X81*$R81/($C$12*0.0254),"") -> 1.4562139 | Z81: =IF(OR($J81>=$C$21,$C$15="Adiabatic"),0,1/(1/($Y81*2*PI()*($C$12*0.0254/2)*$C$30)+LN(($C$13*0.0254/2)/($C$12*0.0254/2))/(2*PI()*($C$19*1.730734666)*$C$30)+IF($C$17="Insulated",LN((($C$13*0.0254/2)+$C$18*0.0254)/($C$13*0.0254/2))/(2*PI()*($C$20*1.730734666)*$C$30),0))) -> 0.095086036 | AA81: =IF($J81>=$C$21,0,IF($C$15="Adiabatic",0,$C$28*$AJ81*((($C$16-32)*5/9+273.15)-$O81)*(1-EXP(-$Z81/($C$28*$AJ81))))) -> 0.090916256 | AB81: =IF($J81>=$C$21,0,$AA81/$C$28) -> 57.044743 | AC81: =IF($J81>=$C$21,0,$W81*($C$30/($C$12*0.0254))*($P81*$S81^2/2)) -> 0.013050373 | AD81: =IF($J81>=$C$21,$N81,MAX(1000,$N81-$AC81)) -> 790828.15 | AE81: =IF($J81>=$C$21,$O81,$O82) -> 365.58028 | AF81: =IF($J81>=$C$21,$P81,$P82) -> 10.420833 | AG81: =IF($J81>=$C$21,$S81,$C$28/($AF81*$C$29)) -> 0.070645618 | AH81: =IF($J81>=$C$21,0,$C$30/AVERAGE($S81,$AG81)) -> 8.6302836 | AI81: =IF($J81<=$C$21,IF($C$15="Adiabatic","",$C$16),"") -> 200 | AJ81: =IF($J81<=$C$21,'Property calculations'!BE400,"") -> 527.0837 | AK81: =IF($J81<=$C$21,'Property calculations'!BD400,"") -> 33786.76 | AL81: =IF($J81<=$C$21,'Property calculations'!BF400,"") -> 356.84104 | AM81: =IF($J81<=$C$21,'Property calculations'!AU400,"") -> 1
J82: =J81+1 -> 44 | K82: =IF($J82<=$C$21,$J82*$C$11/$C$21,"") -> 88 | L82: =IF($J82<=$C$21,($O82-273.15)*9/5+32,"") -> 198.3745 | M82: =IF($J82<=$C$21,$N82/6894.757293168-$C$10,"") -> 99.999926 | N82: =IF($J82<=$C$21,$AD81,"") -> 790828.15 | O82: =IF(J82<=$C$21,IF(AND('Property calculations'!AU409=1,ABS('Property calculations'!BA409)<0.1),'Property calculations'!C409,NA()),"") -> 365.58028 | P82: =IF($J82<=$C$21,'Property calculations'!BC409,"") -> 10.420833 | Q82: =IF($J82<=$C$21,'Property calculations'!BG409,"") -> 2.6116312e-05 | R82: =IF($J82<=$C$21,'Property calculations'!BH409,"") -> 0.02089398 | S82: =IF($J82<=$C$21,$C$28/($P82*$C$29),"") -> 0.070645618 | T82: =IF($J82<=$C$21,$S82/$AL82,"") -> 0.00019794549 | U82: =IF($J82<=$C$21,$P82*$S82*($C$12*0.0254)/$Q82,"") -> 1479.96 | V82: =IF($J82<=$C$21,$AJ82*$Q82/$R82,"") -> 0.65881966 | W82: =IF($J82<=$C$21,IF($U82<2300,64/$U82,0.25/(LOG10(($C$14/$C$12)/3.7+5.74/$U82^0.9)^2)),"") -> 0.043244411 | X82: =IF($J82<=$C$21,IF($U82<2300,3.66,IF($U82>=10000,0.023*$U82^0.8*$V82^IF((($C$16-32)*5/9+273.15)>$O82,0.4,0.3),3.66+($U82-2300)/(10000-2300)*(0.023*10000^0.8*$V82^IF((($C$16-32)*5/9+273.15)>$O82,0.4,0.3)-3.66))),"") -> 3.66 | Y82: =IF($J82<=$C$21,$X82*$R82/($C$12*0.0254),"") -> 1.4565589 | Z82: =IF(OR($J82>=$C$21,$C$15="Adiabatic"),0,1/(1/($Y82*2*PI()*($C$12*0.0254/2)*$C$30)+LN(($C$13*0.0254/2)/($C$12*0.0254/2))/(2*PI()*($C$19*1.730734666)*$C$30)+IF($C$17="Insulated",LN((($C$13*0.0254/2)+$C$18*0.0254)/($C$13*0.0254/2))/(2*PI()*($C$20*1.730734666)*$C$30),0))) -> 0.095100663 | AA82: =IF($J82>=$C$21,0,IF($C$15="Adiabatic",0,$C$28*$AJ82*((($C$16-32)*5/9+273.15)-$O82)*(1-EXP(-$Z82/($C$28*$AJ82))))) -> 0.081198139 | AB82: =IF($J82>=$C$21,0,$AA82/$C$28) -> 50.947181 | AC82: =IF($J82>=$C$21,0,$W82*($C$30/($C$12*0.0254))*($P82*$S82^2/2)) -> 0.013057007 | AD82: =IF($J82>=$C$21,$N82,MAX(1000,$N82-$AC82)) -> 790828.14 | AE82: =IF($J82>=$C$21,$O82,$O83) -> 365.67694 | AF82: =IF($J82>=$C$21,$P82,$P83) -> 10.418033 | AG82: =IF($J82>=$C$21,$S82,$C$28/($AF82*$C$29)) -> 0.070664601 | AH82: =IF($J82>=$C$21,0,$C$30/AVERAGE($S82,$AG82)) -> 8.6278262 | AI82: =IF($J82<=$C$21,IF($C$15="Adiabatic","",$C$16),"") -> 200 | AJ82: =IF($J82<=$C$21,'Property calculations'!BE409,"") -> 527.07918 | AK82: =IF($J82<=$C$21,'Property calculations'!BD409,"") -> 33843.805 | AL82: =IF($J82<=$C$21,'Property calculations'!BF409,"") -> 356.89431 | AM82: =IF($J82<=$C$21,'Property calculations'!AU409,"") -> 1
J83: =J82+1 -> 45 | K83: =IF($J83<=$C$21,$J83*$C$11/$C$21,"") -> 90 | L83: =IF($J83<=$C$21,($O83-273.15)*9/5+32,"") -> 198.54849 | M83: =IF($J83<=$C$21,$N83/6894.757293168-$C$10,"") -> 99.999924 | N83: =IF($J83<=$C$21,$AD82,"") -> 790828.14 | O83: =IF(J83<=$C$21,IF(AND('Property calculations'!AU418=1,ABS('Property calculations'!BA418)<0.1),'Property calculations'!C418,NA()),"") -> 365.67694 | P83: =IF($J83<=$C$21,'Property calculations'!BC418,"") -> 10.418033 | Q83: =IF($J83<=$C$21,'Property calculations'!BG418,"") -> 2.6121146e-05 | R83: =IF($J83<=$C$21,'Property calculations'!BH418,"") -> 0.020898399 | S83: =IF($J83<=$C$21,$C$28/($P83*$C$29),"") -> 0.070664601 | T83: =IF($J83<=$C$21,$S83/$AL83,"") -> 0.00019797229 | U83: =IF($J83<=$C$21,$P83*$S83*($C$12*0.0254)/$Q83,"") -> 1479.6862 | V83: =IF($J83<=$C$21,$AJ83*$Q83/$R83,"") -> 0.65879719 | W83: =IF($J83<=$C$21,IF($U83<2300,64/$U83,0.25/(LOG10(($C$14/$C$12)/3.7+5.74/$U83^0.9)^2)),"") -> 0.043252414 | X83: =IF($J83<=$C$21,IF($U83<2300,3.66,IF($U83>=10000,0.023*$U83^0.8*$V83^IF((($C$16-32)*5/9+273.15)>$O83,0.4,0.3),3.66+($U83-2300)/(10000-2300)*(0.023*10000^0.8*$V83^IF((($C$16-32)*5/9+273.15)>$O83,0.4,0.3)-3.66))),"") -> 3.66 | Y83: =IF($J83<=$C$21,$X83*$R83/($C$12*0.0254),"") -> 1.456867 | Z83: =IF(OR($J83>=$C$21,$C$15="Adiabatic"),0,1/(1/($Y83*2*PI()*($C$12*0.0254/2)*$C$30)+LN(($C$13*0.0254/2)/($C$12*0.0254/2))/(2*PI()*($C$19*1.730734666)*$C$30)+IF($C$17="Insulated",LN((($C$13*0.0254/2)+$C$18*0.0254)/($C$13*0.0254/2))/(2*PI()*($C$20*1.730734666)*$C$30),0))) -> 0.095113724 | AA83: =IF($J83>=$C$21,0,IF($C$15="Adiabatic",0,$C$28*$AJ83*((($C$16-32)*5/9+273.15)-$O83)*(1-EXP(-$Z83/($C$28*$AJ83))))) -> 0.072516345 | AB83: =IF($J83>=$C$21,0,$AA83/$C$28) -> 45.499852 | AC83: =IF($J83>=$C$21,0,$W83*($C$30/($C$12*0.0254))*($P83*$S83^2/2)) -> 0.013062932 | AD83: =IF($J83>=$C$21,$N83,MAX(1000,$N83-$AC83)) -> 790828.12 | AE83: =IF($J83>=$C$21,$O83,$O84) -> 365.76326 | AF83: =IF($J83>=$C$21,$P83,$P84) -> 10.415534 | AG83: =IF($J83>=$C$21,$S83,$C$28/($AF83*$C$29)) -> 0.070681554 | AH83: =IF($J83>=$C$21,0,$C$30/AVERAGE($S83,$AG83)) -> 8.6256326 | AI83: =IF($J83<=$C$21,IF($C$15="Adiabatic","",$C$16),"") -> 200 | AJ83: =IF($J83<=$C$21,'Property calculations'!BE418,"") -> 527.07514 | AK83: =IF($J83<=$C$21,'Property calculations'!BD418,"") -> 33894.752 | AL83: =IF($J83<=$C$21,'Property calculations'!BF418,"") -> 356.94188 | AM83: =IF($J83<=$C$21,'Property calculations'!AU418,"") -> 1
J84: =J83+1 -> 46 | K84: =IF($J84<=$C$21,$J84*$C$11/$C$21,"") -> 92 | L84: =IF($J84<=$C$21,($O84-273.15)*9/5+32,"") -> 198.70388 | M84: =IF($J84<=$C$21,$N84/6894.757293168-$C$10,"") -> 99.999922 | N84: =IF($J84<=$C$21,$AD83,"") -> 790828.12 | O84: =IF(J84<=$C$21,IF(AND('Property calculations'!AU427=1,ABS('Property calculations'!BA427)<0.1),'Property calculations'!C427,NA()),"") -> 365.76326 | P84: =IF($J84<=$C$21,'Property calculations'!BC427,"") -> 10.415534 | Q84: =IF($J84<=$C$21,'Property calculations'!BG427,"") -> 2.6125462e-05 | R84: =IF($J84<=$C$21,'Property calculations'!BH427,"") -> 0.020902346 | S84: =IF($J84<=$C$21,$C$28/($P84*$C$29),"") -> 0.070681554 | T84: =IF($J84<=$C$21,$S84/$AL84,"") -> 0.00019799623 | U84: =IF($J84<=$C$21,$P84*$S84*($C$12*0.0254)/$Q84,"") -> 1479.4417 | V84: =IF($J84<=$C$21,$AJ84*$Q84/$R84,"") -> 0.65877714 | W84: =IF($J84<=$C$21,IF($U84<2300,64/$U84,0.25/(LOG10(($C$14/$C$12)/3.7+5.74/$U84^0.9)^2)),"") -> 0.043259561 | X84: =IF($J84<=$C$21,IF($U84<2300,3.66,IF($U84>=10000,0.023*$U84^0.8*$V84^IF((($C$16-32)*5/9+273.15)>$O84,0.4,0.3),3.66+($U84-2300)/(10000-2300)*(0.023*10000^0.8*$V84^IF((($C$16-32)*5/9+273.15)>$O84,0.4,0.3)-3.66))),"") -> 3.66 | Y84: =IF($J84<=$C$21,$X84*$R84/($C$12*0.0254),"") -> 1.4571421 | Z84: =IF(OR($J84>=$C$21,$C$15="Adiabatic"),0,1/(1/($Y84*2*PI()*($C$12*0.0254/2)*$C$30)+LN(($C$13*0.0254/2)/($C$12*0.0254/2))/(2*PI()*($C$19*1.730734666)*$C$30)+IF($C$17="Insulated",LN((($C$13*0.0254/2)+$C$18*0.0254)/($C$13*0.0254/2))/(2*PI()*($C$20*1.730734666)*$C$30),0))) -> 0.095125387 | AA84: =IF($J84>=$C$21,0,IF($C$15="Adiabatic",0,$C$28*$AJ84*((($C$16-32)*5/9+273.15)-$O84)*(1-EXP(-$Z84/($C$28*$AJ84))))) -> 0.064760861 | AB84: =IF($J84>=$C$21,0,$AA84/$C$28) -> 40.63373 | AC84: =IF($J84>=$C$21,0,$W84*($C$30/($C$12*0.0254))*($P84*$S84^2/2)) -> 0.013068226 | AD84: =IF($J84>=$C$21,$N84,MAX(1000,$N84-$AC84)) -> 790828.11 | AE84: =IF($J84>=$C$21,$O84,$O85) -> 365.84036 | AF84: =IF($J84>=$C$21,$P84,$P85) -> 10.413304 | AG84: =IF($J84>=$C$21,$S84,$C$28/($AF84*$C$29)) -> 0.070696695 | AH84: =IF($J84>=$C$21,0,$C$30/AVERAGE($S84,$AG84)) -> 8.6236745 | AI84: =IF($J84<=$C$21,IF($C$15="Adiabatic","",$C$16),"") -> 200 | AJ84: =IF($J84<=$C$21,'Property calculations'!BE427,"") -> 527.07154 | AK84: =IF($J84<=$C$21,'Property calculations'!BD427,"") -> 33940.252 | AL84: =IF($J84<=$C$21,'Property calculations'!BF427,"") -> 356.98435 | AM84: =IF($J84<=$C$21,'Property calculations'!AU427,"") -> 1
J85: =J84+1 -> 47 | K85: =IF($J85<=$C$21,$J85*$C$11/$C$21,"") -> 94 | L85: =IF($J85<=$C$21,($O85-273.15)*9/5+32,"") -> 198.84264 | M85: =IF($J85<=$C$21,$N85/6894.757293168-$C$10,"") -> 99.99992 | N85: =IF($J85<=$C$21,$AD84,"") -> 790828.11 | O85: =IF(J85<=$C$21,IF(AND('Property calculations'!AU436=1,ABS('Property calculations'!BA436)<0.1),'Property calculations'!C436,NA()),"") -> 365.84036 | P85: =IF($J85<=$C$21,'Property calculations'!BC436,"") -> 10.413304 | Q85: =IF($J85<=$C$21,'Property calculations'!BG436,"") -> 2.6129317e-05 | R85: =IF($J85<=$C$21,'Property calculations'!BH436,"") -> 0.02090587 | S85: =IF($J85<=$C$21,$C$28/($P85*$C$29),"") -> 0.070696695 | T85: =IF($J85<=$C$21,$S85/$AL85,"") -> 0.0001980176 | U85: =IF($J85<=$C$21,$P85*$S85*($C$12*0.0254)/$Q85,"") -> 1479.2235 | V85: =IF($J85<=$C$21,$AJ85*$Q85/$R85,"") -> 0.65875924 | W85: =IF($J85<=$C$21,IF($U85<2300,64/$U85,0.25/(LOG10(($C$14/$C$12)/3.7+5.74/$U85^0.9)^2)),"") -> 0.043265944 | X85: =IF($J85<=$C$21,IF($U85<2300,3.66,IF($U85>=10000,0.023*$U85^0.8*$V85^IF((($C$16-32)*5/9+273.15)>$O85,0.4,0.3),3.66+($U85-2300)/(10000-2300)*(0.023*10000^0.8*$V85^IF((($C$16-32)*5/9+273.15)>$O85,0.4,0.3)-3.66))),"") -> 3.66 | Y85: =IF($J85<=$C$21,$X85*$R85/($C$12*0.0254),"") -> 1.4573878 | Z85: =IF(OR($J85>=$C$21,$C$15="Adiabatic"),0,1/(1/($Y85*2*PI()*($C$12*0.0254/2)*$C$30)+LN(($C$13*0.0254/2)/($C$12*0.0254/2))/(2*PI()*($C$19*1.730734666)*$C$30)+IF($C$17="Insulated",LN((($C$13*0.0254/2)+$C$18*0.0254)/($C$13*0.0254/2))/(2*PI()*($C$20*1.730734666)*$C$30),0))) -> 0.0951358 | AA85: =IF($J85>=$C$21,0,IF($C$15="Adiabatic",0,$C$28*$AJ85*((($C$16-32)*5/9+273.15)-$O85)*(1-EXP(-$Z85/($C$28*$AJ85))))) -> 0.05783325 | AB85: =IF($J85>=$C$21,0,$AA85/$C$28) -> 36.287052 | AC85: =IF($J85>=$C$21,0,$W85*($C$30/($C$12*0.0254))*($P85*$S85^2/2)) -> 0.013072953 | AD85: =IF($J85>=$C$21,$N85,MAX(1000,$N85-$AC85)) -> 790828.1 | AE85: =IF($J85>=$C$21,$O85,$O86) -> 365.90921 | AF85: =IF($J85>=$C$21,$P85,$P86) -> 10.411313 | AG85: =IF($J85>=$C$21,$S85,$C$28/($AF85*$C$29)) -> 0.070710216 | AH85: =IF($J85>=$C$21,0,$C$30/AVERAGE($S85,$AG85)) -> 8.6219266 | AI85: =IF($J85<=$C$21,IF($C$15="Adiabatic","",$C$16),"") -> 200 | AJ85: =IF($J85<=$C$21,'Property calculations'!BE436,"") -> 527.06833 | AK85: =IF($J85<=$C$21,'Property calculations'!BD436,"") -> 33980.886 | AL85: =IF($J85<=$C$21,'Property calculations'!BF436,"") -> 357.02228 | AM85: =IF($J85<=$C$21,'Property calculations'!AU436,"") -> 1
J86: =J85+1 -> 48 | K86: =IF($J86<=$C$21,$J86*$C$11/$C$21,"") -> 96 | L86: =IF($J86<=$C$21,($O86-273.15)*9/5+32,"") -> 198.96657 | M86: =IF($J86<=$C$21,$N86/6894.757293168-$C$10,"") -> 99.999918 | N86: =IF($J86<=$C$21,$AD85,"") -> 790828.1 | O86: =IF(J86<=$C$21,IF(AND('Property calculations'!AU445=1,ABS('Property calculations'!BA445)<0.1),'Property calculations'!C445,NA()),"") -> 365.90921 | P86: =IF($J86<=$C$21,'Property calculations'!BC445,"") -> 10.411313 | Q86: =IF($J86<=$C$21,'Property calculations'!BG445,"") -> 2.6132759e-05 | R86: =IF($J86<=$C$21,'Property calculations'!BH445,"") -> 0.020909017 | S86: =IF($J86<=$C$21,$C$28/($P86*$C$29),"") -> 0.070710216 | T86: =IF($J86<=$C$21,$S86/$AL86,"") -> 0.00019803668 | U86: =IF($J86<=$C$21,$P86*$S86*($C$12*0.0254)/$Q86,"") -> 1479.0286 | V86: =IF($J86<=$C$21,$AJ86*$Q86/$R86,"") -> 0.65874326 | W86: =IF($J86<=$C$21,IF($U86<2300,64/$U86,0.25/(LOG10(($C$14/$C$12)/3.7+5.74/$U86^0.9)^2)),"") -> 0.043271643 | X86: =IF($J86<=$C$21,IF($U86<2300,3.66,IF($U86>=10000,0.023*$U86^0.8*$V86^IF((($C$16-32)*5/9+273.15)>$O86,0.4,0.3),3.66+($U86-2300)/(10000-2300)*(0.023*10000^0.8*$V86^IF((($C$16-32)*5/9+273.15)>$O86,0.4,0.3)-3.66))),"") -> 3.66 | Y86: =IF($J86<=$C$21,$X86*$R86/($C$12*0.0254),"") -> 1.4576072 | Z86: =IF(OR($J86>=$C$21,$C$15="Adiabatic"),0,1/(1/($Y86*2*PI()*($C$12*0.0254/2)*$C$30)+LN(($C$13*0.0254/2)/($C$12*0.0254/2))/(2*PI()*($C$19*1.730734666)*$C$30)+IF($C$17="Insulated",LN((($C$13*0.0254/2)+$C$18*0.0254)/($C$13*0.0254/2))/(2*PI()*($C$20*1.730734666)*$C$30),0))) -> 0.095145098 | AA86: =IF($J86>=$C$21,0,IF($C$15="Adiabatic",0,$C$28*$AJ86*((($C$16-32)*5/9+273.15)-$O86)*(1-EXP(-$Z86/($C$28*$AJ86))))) -> 0.051645458 | AB86: =IF($J86>=$C$21,0,$AA86/$C$28) -> 32.404566 | AC86: =IF($J86>=$C$21,0,$W86*($C$30/($C$12*0.0254))*($P86*$S86^2/2)) -> 0.013077176 | AD86: =IF($J86>=$C$21,$N86,MAX(1000,$N86-$AC86)) -> 790828.08 | AE86: =IF($J86>=$C$21,$O86,$O87) -> 365.97069 | AF86: =IF($J86>=$C$21,$P86,$P87) -> 10.409535 | AG86: =IF($J86>=$C$21,$S86,$C$28/($AF86*$C$29)) -> 0.07072229 | AH86: =IF($J86>=$C$21,0,$C$30/AVERAGE($S86,$AG86)) -> 8.6203662 | AI86: =IF($J86<=$C$21,IF($C$15="Adiabatic","",$C$16),"") -> 200 | AJ86: =IF($J86<=$C$21,'Property calculations'!BE445,"") -> 527.06546 | AK86: =IF($J86<=$C$21,'Property calculations'!BD445,"") -> 34017.173 | AL86: =IF($J86<=$C$21,'Property calculations'!BF445,"") -> 357.05615 | AM86: =IF($J86<=$C$21,'Property calculations'!AU445,"") -> 1
J87: =J86+1 -> 49 | K87: =IF($J87<=$C$21,$J87*$C$11/$C$21,"") -> 98 | L87: =IF($J87<=$C$21,($O87-273.15)*9/5+32,"") -> 199.07724 | M87: =IF($J87<=$C$21,$N87/6894.757293168-$C$10,"") -> 99.999916 | N87: =IF($J87<=$C$21,$AD86,"") -> 790828.08 | O87: =IF(J87<=$C$21,IF(AND('Property calculations'!AU454=1,ABS('Property calculations'!BA454)<0.1),'Property calculations'!C454,NA()),"") -> 365.97069 | P87: =IF($J87<=$C$21,'Property calculations'!BC454,"") -> 10.409535 | Q87: =IF($J87<=$C$21,'Property calculations'!BG454,"") -> 2.6135832e-05 | R87: =IF($J87<=$C$21,'Property calculations'!BH454,"") -> 0.020911828 | S87: =IF($J87<=$C$21,$C$28/($P87*$C$29),"") -> 0.07072229 | T87: =IF($J87<=$C$21,$S87/$AL87,"") -> 0.00019805373 | U87: =IF($J87<=$C$21,$P87*$S87*($C$12*0.0254)/$Q87,"") -> 1478.8547 | V87: =IF($J87<=$C$21,$AJ87*$Q87/$R87,"") -> 0.65872899 | W87: =IF($J87<=$C$21,IF($U87<2300,64/$U87,0.25/(LOG10(($C$14/$C$12)/3.7+5.74/$U87^0.9)^2)),"") -> 0.043276733 | X87: =IF($J87<=$C$21,IF($U87<2300,3.66,IF($U87>=10000,0.023*$U87^0.8*$V87^IF((($C$16-32)*5/9+273.15)>$O87,0.4,0.3),3.66+($U87-2300)/(10000-2300)*(0.023*10000^0.8*$V87^IF((($C$16-32)*5/9+273.15)>$O87,0.4,0.3)-3.66))),"") -> 3.66 | Y87: =IF($J87<=$C$21,$X87*$R87/($C$12*0.0254),"") -> 1.4578032 | Z87: =IF(OR($J87>=$C$21,$C$15="Adiabatic"),0,1/(1/($Y87*2*PI()*($C$12*0.0254/2)*$C$30)+LN(($C$13*0.0254/2)/($C$12*0.0254/2))/(2*PI()*($C$19*1.730734666)*$C$30)+IF($C$17="Insulated",LN((($C$13*0.0254/2)+$C$18*0.0254)/($C$13*0.0254/2))/(2*PI()*($C$20*1.730734666)*$C$30),0))) -> 0.095153401 | AA87: =IF($J87>=$C$21,0,IF($C$15="Adiabatic",0,$C$28*$AJ87*((($C$16-32)*5/9+273.15)-$O87)*(1-EXP(-$Z87/($C$28*$AJ87))))) -> 0.046118728 | AB87: =IF($J87>=$C$21,0,$AA87/$C$28) -> 28.93686 | AC87: =IF($J87>=$C$21,0,$W87*($C$30/($C$12*0.0254))*($P87*$S87^2/2)) -> 0.013080947 | AD87: =IF($J87>=$C$21,$N87,MAX(1000,$N87-$AC87)) -> 790828.07 | AE87: =IF($J87>=$C$21,$O87,$O88) -> 366.02559 | AF87: =IF($J87>=$C$21,$P87,$P88) -> 10.407948 | AG87: =IF($J87>=$C$21,$S87,$C$28/($AF87*$C$29)) -> 0.070733073 | AH87: =IF($J87>=$C$21,0,$C$30/AVERAGE($S87,$AG87)) -> 8.6189733 | AI87: =IF($J87<=$C$21,IF($C$15="Adiabatic","",$C$16),"") -> 200 | AJ87: =IF($J87<=$C$21,'Property calculations'!BE454,"") -> 527.0629 | AK87: =IF($J87<=$C$21,'Property calculations'!BD454,"") -> 34049.577 | AL87: =IF($J87<=$C$21,'Property calculations'!BF454,"") -> 357.08639 | AM87: =IF($J87<=$C$21,'Property calculations'!AU454,"") -> 1
J88: =J87+1 -> 50 | K88: =IF($J88<=$C$21,$J88*$C$11/$C$21,"") -> 100 | L88: =IF($J88<=$C$21,($O88-273.15)*9/5+32,"") -> 199.17606 | M88: =IF($J88<=$C$21,$N88/6894.757293168-$C$10,"") -> 99.999914 | N88: =IF($J88<=$C$21,$AD87,"") -> 790828.07 | O88: =IF(J88<=$C$21,IF(AND('Property calculations'!AU463=1,ABS('Property calculations'!BA463)<0.1),'Property calculations'!C463,NA()),"") -> 366.02559 | P88: =IF($J88<=$C$21,'Property calculations'!BC463,"") -> 10.407948 | Q88: =IF($J88<=$C$21,'Property calculations'!BG463,"") -> 2.6138577e-05 | R88: =IF($J88<=$C$21,'Property calculations'!BH463,"") -> 0.020914338 | S88: =IF($J88<=$C$21,$C$28/($P88*$C$29),"") -> 0.070733073 | T88: =IF($J88<=$C$21,$S88/$AL88,"") -> 0.00019806894 | U88: =IF($J88<=$C$21,$P88*$S88*($C$12*0.0254)/$Q88,"") -> 1478.6994 | V88: =IF($J88<=$C$21,$AJ88*$Q88/$R88,"") -> 0.65871625 | W88: =IF($J88<=$C$21,IF($U88<2300,64/$U88,0.25/(LOG10(($C$14/$C$12)/3.7+5.74/$U88^0.9)^2)),"") -> 0.043281277 | X88: =IF($J88<=$C$21,IF($U88<2300,3.66,IF($U88>=10000,0.023*$U88^0.8*$V88^IF((($C$16-32)*5/9+273.15)>$O88,0.4,0.3),3.66+($U88-2300)/(10000-2300)*(0.023*10000^0.8*$V88^IF((($C$16-32)*5/9+273.15)>$O88,0.4,0.3)-3.66))),"") -> 3.66 | Y88: =IF($J88<=$C$21,$X88*$R88/($C$12*0.0254),"") -> 1.4579781 | Z88: =IF(OR($J88>=$C$21,$C$15="Adiabatic"),0,1/(1/($Y88*2*PI()*($C$12*0.0254/2)*$C$30)+LN(($C$13*0.0254/2)/($C$12*0.0254/2))/(2*PI()*($C$19*1.730734666)*$C$30)+IF($C$17="Insulated",LN((($C$13*0.0254/2)+$C$18*0.0254)/($C$13*0.0254/2))/(2*PI()*($C$20*1.730734666)*$C$30),0))) -> 0 | AA88: =IF($J88>=$C$21,0,IF($C$15="Adiabatic",0,$C$28*$AJ88*((($C$16-32)*5/9+273.15)-$O88)*(1-EXP(-$Z88/($C$28*$AJ88))))) -> 0 | AB88: =IF($J88>=$C$21,0,$AA88/$C$28) -> 0 | AC88: =IF($J88>=$C$21,0,$W88*($C$30/($C$12*0.0254))*($P88*$S88^2/2)) -> 0 | AD88: =IF($J88>=$C$21,$N88,MAX(1000,$N88-$AC88)) -> 790828.07 | AE88: =O88 -> 366.02559 | AF88: =P88 -> 10.407948 | AG88: =IF($J88>=$C$21,$S88,$C$28/($AF88*$C$29)) -> 0.070733073 | AH88: =IF($J88>=$C$21,0,$C$30/AVERAGE($S88,$AG88)) -> 0 | AI88: =IF($J88<=$C$21,IF($C$15="Adiabatic","",$C$16),"") -> 200 | AJ88: =IF($J88<=$C$21,'Property calculations'!BE463,"") -> 527.06061 | AK88: =IF($J88<=$C$21,'Property calculations'!BD463,"") -> 34078.514 | AL88: =IF($J88<=$C$21,'Property calculations'!BF463,"") -> 357.11339 | AM88: =IF($J88<=$C$21,'Property calculations'!AU463,"") -> 1
A91: CALCULATION LOGIC & THEORY
A92: Cell-referenced explanation of the segmented property, pressure-loss, heat-transfer, and energy-balance engine.
A94: TOPIC | B94: CALCULATION CELL(S) | C94: LOGIC / THEORY / CONVERSION
A95: Absolute pressure and temperature | B95: N38:O38, L38:M88 | C95: N38 converts inlet gauge pressure plus atmospheric pressure to absolute pascals using 6,894.757293168 Pa/psi. O38 converts inlet °F to K. L and M convert each node back to °F and psig for the visible profile.
A96: Property-method selection | B96: C22, C25:C27 | C96: C22 selects Ideal Gas or Peng-Robinson. C25 retrieves embedded molecular weight, C26 uses local Cp/Cv, and C27 repeats the selected method.
A97: Mass-flow conversion | B97: C28 | C97: C28 converts flow to kg/s. ACFM uses inlet density; SCFM uses local selected-method density at 14.7 psia and 60 F.
A98: Pipe geometry and segmentation | B98: C29:C30, C21 | C98: C29 calculates flow area A = πD²/4 after converting ID from inches to meters. C30 converts total pipe length from feet to meters and divides by the selected segment count C21. The model supports 5–50 equal-length segments.
A99: Local thermophysical properties | B99: P38:R88, AJ38:AM88 | C99: Each active node uses local density, transport estimates, Cp, enthalpy and sound speed. AM is a conservative gas-envelope validity flag, not a phase code.
A100: Local thermodynamic properties | B100: C31:C34, P:R, AJ:AL | C100: Ideal enthalpy integrates the embedded Cp0 polynomial. Peng-Robinson adds enthalpy departure and thermodynamically consistent Cp, Cv and sound speed. Transport uses power laws.
A101: Velocity and Mach number | B101: S38:T88 | C101: Velocity is mass flow divided by local density and flow area: V = ṁ/(ρA). Mach number is velocity divided by local speed of sound AL. G16 reports the maximum Mach number across active nodes.
A102: Reynolds and Prandtl numbers | B102: U38:V88 | C102: Re = ρVD/μ using local properties and SI diameter. Pr = Cpμ/λ. These dimensionless groups determine friction and internal convection correlations.
A103: Darcy friction factor | B103: W38:W88 | C103: For Re < 2,300, the model uses f = 64/Re. Otherwise it uses the Swamee–Jain approximation f = 0.25/[log10(ε/(3.7D)+5.74/Re^0.9)]². Roughness and ID are both entered in inches, so ε/D is dimensionless.
A104: Nusselt number and gas-side h | B104: X38:Y88 | C104: Nu = 3.66 in laminar flow. For Re ≥ 10,000 the Dittus–Boelter form 0.023Re^0.8Pr^n is used, with n = 0.4 for heating and 0.3 for cooling. The sheet linearly interpolates between Re 2,300 and 10,000. h = Nuλ/D.
A105: Segment thermal resistance | B105: Z38:Z88 | C105: Z calculates UA for each segment from three series resistances: internal convection, cylindrical pipe-wall conduction, and optional cylindrical insulation conduction. Conductivity inputs are converted from Btu/(hr·ft·°F) to W/(m·K) using 1.730734666.
...

Sheet Fixed Orifice Calculator
B1: FIXED ORIFICE — GAS / LIQUID WATER | H1: DISCHARGE COEFFICIENT FROM REYNOLDS NUMBER | N1: LIQUID WATER — LOCAL PROPERTIES
B2: C.J.H. van den Bosch & R.A.P.M. Weterings (eds.), Methods for the Calculation of Physical Effects Due to Releases of Hazardous Materials (Liquids and Gases) (“Yellow Book”), CPR 14E, 3rd ed., 1997 — Ch. 2, Outflow and Spray Release. | H2: Wu, Burton & Schoenau (2002), sharp-edged orifice, Eq. 15. Hydraulic correlation; gas use is an unvalidated estimate. | N2: Select WATER in C5. Liquid equations use upstream properties and pressure drop. No external calls.
B3: =IF(UPPER(C5)="WATER",N16,IF('Property calculations'!AU7=0,'Property calculations'!AV7,IF(K5="Wu estimate","WARNING: Wu hydraulic Cd applied to gas; "&'Property calculations'!AV7,'Property calculations'!AV7))) -> Gas estimate within calculation range
B4: INPUTS
B5: Fluid | C5: ARGON | H5: Cd used for gas flow | K5: Manual | N5: Water temperature [C] | Q5: =IF(UPPER(C5)="WATER",ROUND((C9-32)*5/9,10),"")
B6: Upstream Gauge Pressure | C6: 15 | D6: psig | E6: =(C6+C8)*6894.757293168 -> 184090.02 | F6: Pa abs | H6: Independent Reynolds number, Re [-] | K6: 1000 | N6: Water density [kg/m3] | Q6: =IF(UPPER(C5)="WATER",IF(AND(Q5>=1,Q5<=90),(INDEX('gas properties'!AI$4:AI$93,MIN(89,MAX(1,INT(Q5))))+(Q5-MIN(89,MAX(1,INT(Q5))))*(INDEX('gas properties'!AI$4:AI$93,MIN(89,MAX(1,INT(Q5)))+1)-INDEX('gas properties'!AI$4:AI$93,MIN(89,MAX(1,INT(Q5)))))),NA()),"")
B7: Downstream / Back Pressure | C7: 0.01 | D7: psia | E7: =C7*6894.757293168 -> 68.947573 | F7: Pa abs | H7: Square root of entered Re [-] | K7: =IF(AND(ISNUMBER(K6),K6>=0),SQRT(K6),NA()) -> 31.622777 | N7: Dynamic viscosity [Pa.s] | Q7: =IF(UPPER(C5)="WATER",IF(AND(Q5>=1,Q5<=90),(INDEX('gas properties'!AJ$4:AJ$93,MIN(89,MAX(1,INT(Q5))))+(Q5-MIN(89,MAX(1,INT(Q5))))*(INDEX('gas properties'!AJ$4:AJ$93,MIN(89,MAX(1,INT(Q5)))+1)-INDEX('gas properties'!AJ$4:AJ$93,MIN(89,MAX(1,INT(Q5)))))),NA()),"")
B8: Ambient Pressure | C8: 11.7 | D8: psia | E8: =C8*6894.757293168 -> 80668.66 | F8: Pa abs | H8: Cd at entered Re [-] | K8: =IF(AND(ISNUMBER(K6),K6>=0),0.61*(1+1.07*EXP(-0.126*SQRT(K6))-2.07*EXP(-0.246*SQRT(K6))),NA()) -> 0.62161348 | N8: Vapor pressure [psia] | Q8: =IF(UPPER(C5)="WATER",IF(AND(Q5>=1,Q5<=90),(INDEX('gas properties'!AK$4:AK$93,MIN(89,MAX(1,INT(Q5))))+(Q5-MIN(89,MAX(1,INT(Q5))))*(INDEX('gas properties'!AK$4:AK$93,MIN(89,MAX(1,INT(Q5)))+1)-INDEX('gas properties'!AK$4:AK$93,MIN(89,MAX(1,INT(Q5))))))/6894.757293168,NA()),"")
B9: Upstream Temperature | C9: 70 | D9: °F | E9: =(C9-32)*5/9+273.15 -> 294.26111 | F9: K | N9: Liquid specific gravity [-] | Q9: =IF(UPPER(C5)="WATER",Q6/999.016,"")
B10: Orifice Diameter | C10: 0.25 | D10: in | E10: =C10*0.0254 -> 0.00635 | F10: m | H10: Cd = 0.61 [1 + 1.07 exp(-0.126 sqrt(Re)) - 2.07 exp(-0.246 sqrt(Re))] | N10: Device pressure recovery factor FL
B11: Manual Discharge Coefficient (Cd) | C11: 0.9 | D11: [-] | N11: Liquid critical-pressure factor FF | Q11: =IF(UPPER(C5)="WATER",0.96-0.28*SQRT(Q8*6894.757293168/22064000),"")
B12: Gas Density Method | C12: Peng-Robinson | N12: Actual pressure drop [psi] | Q12: =IF(UPPER(C5)="WATER",C17-C7,"")
H13: FLOW ESTIMATE AND SELECTED Cd | N13: Choked drop limit with FL [psi] | Q13: =IF(AND(UPPER(C5)="WATER",ISNUMBER(Q10),Q10>0,Q10<=1),Q10^2*(C17-Q11*Q8),"")
B14: RESULTS | H14: Upstream dynamic viscosity [Pa.s] | K14: =IF(UPPER(C5)="WATER",Q7,'Property calculations'!BG7) -> 2.2435561e-05 | N14: Pressure drop used [psi] | Q14: =IF(UPPER(C5)="WATER",IF(Q10="",Q12,IF(ISNUMBER(Q13),MIN(Q12,Q13),NA())),"")
B15: Input Check | C15: =IFERROR(IF(UPPER(C5)="WATER",IF(LEFT(N16,5)="BLOCK",N16,IF(OR(C6<0,C7<=0,C8<=0,C10<=0,C7>=C17,K18<=0,K18>1),"CHECK INPUTS","OK")),IF('Property calculations'!AU7=0,'Property calculations'!AV7,IFERROR(IF(OR(C6<0,C7<=0,C8<=0,C9<=-459.67,C10<=0,K18<=0,K18>1,C7>=C6+C8),"CHECK INPUTS","OK"),"CHECK INPUTS / Cd"))),"CHECK INPUTS / PROPERTIES") -> OK | H15: Mass flow at Cd = 1 [kg/s] | K15: =IF(UPPER(C5)="WATER",IF(LEFT(N16,5)="BLOCK",NA(),E22*SQRT(2*Q6*Q14*6894.757293168)),IF(AND(ISNUMBER(C6),ISNUMBER(C7),ISNUMBER(C8),ISNUMBER(C9),ISNUMBER(C10),C6>=0,C7>0,C8>0,C9>-459.67,C10>0,C7<C6+C8),E22*SQRT((2*C33/(C33-1))*E17*C36*C37^(2/C33)*(1-C37^((C33-1)/C33))),NA())) -> 0.017143881
B16: Flow Regime | C16: =IF(C15<>"OK","Unavailable",IF(UPPER(C5)="WATER",IF(Q10="","Liquid; FL unknown",IF(Q12>=Q13,"Liquid choked estimate","Liquid flow")),IF(E7<=E20,"Choked","Subcritical"))) -> Choked | H16: Re per unit Cd [-] | K16: =K15*E10/(E22*K14) -> 153217.59 | N16: =IF(UPPER(C5)="WATER",IFERROR(IF(OR(Q5<1,Q5>90),"BLOCK: water requires 1-90 C",IF(C17*6894.757293168>10000000,"BLOCK: water pressure exceeds 100 bar abs",IF(C17<=Q8,"BLOCK: upstream water not liquid",IF(C7<=Q8,"BLOCK: flashing / two-phase water unsupported",IF(Q10="","WARNING: FL missing; nominal flow only, cavitation/choking unscreened",IF(OR(NOT(ISNUMBER(Q10)),Q10<=0,Q10>1),"BLOCK: enter 0 < FL <= 1",IF(Q12>=Q13,"WARNING: liquid choked / cavitating estimate; verify device","Water estimate; cavitation can begin before choking"))))))),"BLOCK: invalid water inputs"),"Water mode inactive") -> Water mode inactive
B17: Upstream Absolute Pressure | C17: =$C$6+$C$8 -> 26.7 | D17: psia | E17: =$C$17*6894.757293168 -> 184090.02 | F17: Pa | H17: Self-consistent Wu Cd [-] | K17: =IF(AND(K20<0.000001,L126>0,L126<=1),L126,NA()) -> 0.61
B18: Actual Pressure Ratio, Pd / Pu | C18: =$E$7/$E$17 -> 0.00037453184 | D18: [-] | H18: Cd applied to mass-flow result [-] | K18: =IF(K5="Manual",IF(AND(ISNUMBER(C11),C11>0,C11<=1),C11,NA()),IF(K5="Wu estimate",K17,NA())) -> 0.9
B19: Critical Pressure Ratio, Pc / Pu | C19: =IF(UPPER(C5)="WATER","n.a.",(2/($C$33+1))^($C$33/($C$33-1))) -> 0.48624194 | D19: [-] | H19: Re at selected flow [-] | K19: =IF(ISNUMBER(C24),C24*E10/(E22*K14),NA()) -> 137895.83
B20: Critical Back Pressure | C20: =IF(UPPER(C5)="WATER","n.a.",$E$20/6894.757293168) -> 12.98266 | D20: psia | E20: =IF(UPPER(C5)="WATER","n.a.",$E$17*$C$19) -> 89512.289 | F20: Pa | H20: Wu iteration relative change [-] | K20: =ABS(L126-I126)/MAX(ABS(L126),0.000000000001) -> 0 | N20: FL is device-specific: enter manufacturer/test data when known. Blank FL gives nominal, unchoked flow and cannot screen cavitation. With FL, limit drop to FL^2(P1-FF Pv). Flashing is blocked. Density and viscosity are low-pressure estimates; pressure effects, reducers, viscous correction and cavitation onset are not modeled.
B21: Pressure Used in Flow Equation | C21: =IF(UPPER(C5)="WATER","n.a.",$E$21/6894.757293168) -> 12.98266 | D21: psia | E21: =IF(UPPER(C5)="WATER","n.a.",MAX($E$7,$E$20)) -> 89512.289 | F21: Pa
B22: Orifice Area | C22: =PI()/4*$C$10^2 -> 0.049087385 | D22: in² | E22: =PI()/4*$E$10^2 -> 3.1669217e-05 | F22: m² | H22: Applicability: thin, sharp-edged geometry. The paper does not validate this curve for compressible or choked gas flow, thick bores, rounded inlets, or arbitrary valves. Gas viscosity uses the workbook approximation.
B23: Upstream Density | C23: =$C$36 -> 3.0111505 | D23: kg/m³
B24: Mass Flow Rate | C24: =IF($C$15<>"OK","",$K$18*$K$15) -> 0.015429493 | D24: kg/s
B25: Mass Flow Rate | C25: =IF($C$24="","",$C$24*60) -> 0.9257696 | D25: kg/min | H25: Manual uses C11. Wu estimate couples Eq. 15 to the selected gas or liquid-water flow equation. The independent Re input only explores the curve. Water uses the liquid-property panel at right.
B26: Mass Flow Rate | C26: =IF($C$24="","",$C$24*3600) -> 55.546176 | D26: kg/hr | N26: Water range: 1-90 C (33.8-194 F), up to 100 bar absolute. Q = Cv sqrt(deltaP / SG) [US gpm]; orifice mass flow = Cd A sqrt(2 rho deltaP). Cd/FL must match the actual geometry.
B27: Mass Flow Rate | C27: =IF($C$24="","",$C$24*2.20462262185) -> 0.03401621 | D27: lb/s
B28: Mass Flow Rate | C28: =IF($C$24="","",$C$24*2.20462262185*60) -> 2.0409726 | D28: lb/min | H28: Source: Wu, D., Burton, R. & Schoenau, G. (2002), An Empirical Discharge Coefficient Model for Orifice Flow. International Journal of Fluid Power 3(3). Eq. 15 and Fig. 3, p. 15; Reynolds definition, Eq. 17.
B29: Mass Flow Rate | C29: =IF($C$24="","",$C$24*2.20462262185*3600) -> 122.45836 | D29: lb/hr
B31: CALCULATION DETAILS | H31: =HYPERLINK("https://doi.org/10.1080/14399776.2002.10781143","Open reference: doi.org/10.1080/14399776.2002.10781143") -> Open reference: doi.org/10.1080/14399776.2002.10781143 | N31: Sources: Swagelok Valve Sizing Technical Bulletin, liquid-flow equation; Emerson Valve Sizing, FL / FF choking limit. https://www.swagelok.com/downloads/webcatalogs/en/ms-06-84.pdf https://www.emerson.com/is/content/emerson/en/final-control/flow-controls/documents/d351798x012_02.pdf
B32: Molecular Weight | C32: =VLOOKUP(C5,'gas properties'!B3:E13,2,FALSE) -> 39.948 | D32: g/mol
B33: Isentropic Coefficient (k) | C33: =IF(UPPER(C5)="WATER","n.a.",'Property calculations'!BI7) -> 1.6730265 | D33: [-]
B34: Ideal-Gas Density | C34: =IF(UPPER(C5)="WATER","n.a.",(1/1000)*$E$17*$C$32/(8.314462618*$E$9)) -> 3.0057872 | D34: kg/m³ | H34: Fig. 3 plots sqrt(Re) from 0 to 50 (Re to 2,500). Above that plot, the equation approaches Cd = 0.61; this is extrapolation. General Eq. 4 needs geometry-specific fitted parameters; this calculator implements the published sharp-edge Eq. 15.
B35: Selected-method density | C35: =IF(UPPER(C5)="WATER",Q6,'Property calculations'!BC7) -> 3.0111505 | D35: kg/m³
B36: Density Used | C36: =C35 -> 3.0111505 | D36: kg/m³
B37: Pressure Ratio Used | C37: =IF(UPPER(C5)="WATER","n.a.",$E$21/$E$17) -> 0.48624194 | D37: [-]
B39: Fluid-specific equations. All phase and choking tests use absolute pressures.
B42: CALCULATION LOGIC & THEORY
B43: Cell-referenced explanation of the fixed-orifice gas-flow method, choking logic, property selection, and unit conversions.
B45: TOPIC | C45: CALCULATION CELL(S) | D45: LOGIC / THEORY / CONVERSION
B46: Absolute pressures | C46: E6:E8, C17:E17 | D46: Upstream gauge pressure C6 is converted to absolute pressure by adding ambient pressure C8, then multiplying by 6,894.757293168 Pa/psi. Downstream and ambient pressures are already entered as psia and are converted directly to pascals. The flow equations use absolute pressure.
B47: Temperature and diameter | C47: E9:E10 | D47: E9 converts °F to K: (°F − 32)×5/9 + 273.15. E10 converts orifice diameter from inches to meters using 0.0254 m/in.
B48: Input validation | C48: C15 | D48: C15 checks pressures, temperature, diameter and selected Cd. K5 chooses Manual (C11) or Wu gas estimate (K17). Invalid Cd or a failed property calculation flags CHECK INPUTS / Cd.
B49: Orifice area | C49: C22, E22 | D49: Area is A = πd²/4. C22 calculates in² from the entered diameter C10; E22 calculates m² from the converted diameter E10.
B50: Gas properties | C50: C32:C36 | D50: Molecular weight is embedded. Cp/Cv and density use the selected local method at upstream conditions. Ideal Gas uses Z=1; Peng-Robinson calculates Z.
B51: Critical pressure ratio | C51: C19, E20 | D51: C19 calculates the ideal-gas critical ratio Pc/Pu = [2/(k+1)]^[k/(k−1)]. E20 multiplies upstream absolute pressure by this ratio to obtain the critical back pressure.
B52: Flow regime | C52: C16, E21, C37 | D52: If actual back pressure E7 is at or below critical pressure E20, the orifice is choked. E21 uses the larger of actual and critical back pressure, so the pressure ratio C37 cannot fall below the choking limit.
B53: Mass-flow equation | C53: C24 | D53: Selected Cd K18 multiplies the Cd=1 flow K15. Gas retains the compressible restriction approximation. WATER uses Cd A sqrt(2 rho deltaP), with an optional device-specific FL choking limit.
B54: Mass-flow conversions | C54: C25:C29 | D54: The base result C24 is kg/s. Multiply by 60 for kg/min and 3,600 for kg/hr. Multiply by 2.20462262185 for lb/s, then additionally by 60 or 3,600 for lb/min and lb/hr.
B55: Property fallback | C55: C35 | D55: No external lookup or automatic fallback. Unsupported states return #N/A. Original choking and restriction-flow assumptions remain.
B56: Model scope | C56: B39 | D56: WATER: 1-90 C, up to 100 bar abs; single-phase inlet/outlet only. Gas: per-fluid range and PR approximation. See top alarm and right-hand panels; gas choking remains an approximate ideal-gas relation.
B57: Key conversions | C57: E6:E10, C25:C29 | D57: The sheet uses 6,894.757293168 Pa/psi, 0.0254 m/in, 2.20462262185 lb/kg, 60 s/min, and 3,600 s/hr.
B60: =B3 -> Gas estimate within calculation range
B61: Gas range: 250-600 K. Air/N2/Ar/He to 7000 psig; H2 to 10000 psig; other gases to 100 bar abs. See alarms and Guide.
H63: EXPLICIT Cd ITERATIONS — Re = mass flow × diameter / (area × viscosity), using the circular-orifice diameter. No macros, Goal Seek, circular formulas, or database calls.
H65: Step | I65: Trial Cd | J65: Trial Re | K65: sqrt(Re) | L65: Updated Cd
H66: 1 | I66: =0.61 -> 0.61 | J66: =$K$16*I66 -> 93462.728 | K66: =SQRT(J66) -> 305.71674 | L66: =0.61*(1+1.07*EXP(-0.126*SQRT(J66))-2.07*EXP(-0.246*SQRT(J66))) -> 0.61
H67: 2 | I67: =L66 -> 0.61 | J67: =$K$16*I67 -> 93462.728 | K67: =SQRT(J67) -> 305.71674 | L67: =0.61*(1+1.07*EXP(-0.126*SQRT(J67))-2.07*EXP(-0.246*SQRT(J67))) -> 0.61
H68: 3 | I68: =L67 -> 0.61 | J68: =$K$16*I68 -> 93462.728 | K68: =SQRT(J68) -> 305.71674 | L68: =0.61*(1+1.07*EXP(-0.126*SQRT(J68))-2.07*EXP(-0.246*SQRT(J68))) -> 0.61
H69: 4 | I69: =L68 -> 0.61 | J69: =$K$16*I69 -> 93462.728 | K69: =SQRT(J69) -> 305.71674 | L69: =0.61*(1+1.07*EXP(-0.126*SQRT(J69))-2.07*EXP(-0.246*SQRT(J69))) -> 0.61
H70: 5 | I70: =L69 -> 0.61 | J70: =$K$16*I70 -> 93462.728 | K70: =SQRT(J70) -> 305.71674 | L70: =0.61*(1+1.07*EXP(-0.126*SQRT(J70))-2.07*EXP(-0.246*SQRT(J70))) -> 0.61
H71: 6 | I71: =L70 -> 0.61 | J71: =$K$16*I71 -> 93462.728 | K71: =SQRT(J71) -> 305.71674 | L71: =0.61*(1+1.07*EXP(-0.126*SQRT(J71))-2.07*EXP(-0.246*SQRT(J71))) -> 0.61
H72: 7 | I72: =L71 -> 0.61 | J72: =$K$16*I72 -> 93462.728 | K72: =SQRT(J72) -> 305.71674 | L72: =0.61*(1+1.07*EXP(-0.126*SQRT(J72))-2.07*EXP(-0.246*SQRT(J72))) -> 0.61
H73: 8 | I73: =L72 -> 0.61 | J73: =$K$16*I73 -> 93462.728 | K73: =SQRT(J73) -> 305.71674 | L73: =0.61*(1+1.07*EXP(-0.126*SQRT(J73))-2.07*EXP(-0.246*SQRT(J73))) -> 0.61
H74: 9 | I74: =L73 -> 0.61 | J74: =$K$16*I74 -> 93462.728 | K74: =SQRT(J74) -> 305.71674 | L74: =0.61*(1+1.07*EXP(-0.126*SQRT(J74))-2.07*EXP(-0.246*SQRT(J74))) -> 0.61
H75: 10 | I75: =L74 -> 0.61 | J75: =$K$16*I75 -> 93462.728 | K75: =SQRT(J75) -> 305.71674 | L75: =0.61*(1+1.07*EXP(-0.126*SQRT(J75))-2.07*EXP(-0.246*SQRT(J75))) -> 0.61
H76: 11 | I76: =L75 -> 0.61 | J76: =$K$16*I76 -> 93462.728 | K76: =SQRT(J76) -> 305.71674 | L76: =0.61*(1+1.07*EXP(-0.126*SQRT(J76))-2.07*EXP(-0.246*SQRT(J76))) -> 0.61
H77: 12 | I77: =L76 -> 0.61 | J77: =$K$16*I77 -> 93462.728 | K77: =SQRT(J77) -> 305.71674 | L77: =0.61*(1+1.07*EXP(-0.126*SQRT(J77))-2.07*EXP(-0.246*SQRT(J77))) -> 0.61
H78: 13 | I78: =L77 -> 0.61 | J78: =$K$16*I78 -> 93462.728 | K78: =SQRT(J78) -> 305.71674 | L78: =0.61*(1+1.07*EXP(-0.126*SQRT(J78))-2.07*EXP(-0.246*SQRT(J78))) -> 0.61
... H126: 61 | I126: =L125 -> 0.61 | J126: =$K$16*I126 -> 93462.728 | K126: =SQRT(J126) -> 305.71674 | L126: =0.61*(1+1.07*EXP(-0.126*SQRT(J126))-2.07*EXP(-0.246*SQRT(J126))) -> 0.61

Sheet Relief Valve Calculator
B1: RELIEF VALVE GAS CAPACITY
B2: API Standard 520 — gas relief sizing method
B3: ='Property calculations'!AV8&". Capacity estimate only; verify device sizing basis." -> Gas estimate within calculation range. Capacity estimate only; verify device sizing basis.
B4: INPUTS | H4: Size | I4: Area (in²)
B5: Gas | C5: ARGON | H5: D | I5: 0.11
B6: Relieving Gauge Pressure | C6: 9 | D6: psig | E6: =(C6+C8)*6.894757293168 -> 163.40575 | F6: kPa abs | H6: E | I6: 0.196
B7: Back Pressure | C7: 14.7 | D7: psia | E7: =C7*6.894757293168 -> 101.35293 | F7: kPa abs | H7: F | I7: 0.307
B8: Ambient Pressure | C8: 14.7 | D8: psia | E8: =C8*6.894757293168 -> 101.35293 | F8: kPa abs | H8: G | I8: 0.503
B9: Relieving Temperature | C9: 70 | D9: °F | E9: =(C9-32)*5/9+273.15 -> 294.26111 | F9: K | H9: H | I9: 0.785
B10: API Orifice Size | C10: Custom | H10: J | I10: 1.287
B11: Custom Effective Area | C11: 0.11 | D11: in² | H11: K | I11: 1.838
B12: Discharge Coefficient (Kd) | C12: 0.975 | D12: [-] | H12: L | I12: 2.853
B13: Back Pressure Factor (Kb) | C13: 1 | D13: [-] | H13: M | I13: 3.6
B14: Combination Factor (Kc) | C14: 1 | D14: [-] | H14: N | I14: 4.34
B15: Compressibility Method | C15: Peng-Robinson | H15: P | I15: 6.38
B16: Manual Compressibility (Z) | C16: 1 | D16: [-] | H16: Q | I16: 11.05
H17: R | I17: 16
B18: RESULTS | H18: T | I18: 26
B19: Input Check | C19: =IF('Property calculations'!AU8=0,'Property calculations'!AV8,IFERROR(IF(OR($C$6<0,$C$7<=0,$C$8<=0,$C$9<=-459.67,$C$12<=0,$C$12>1,$C$13<=0,$C$13>1,$C$14<=0,$C$14>1,AND($C$10="Custom",$C$11<=0),AND($C$15="Manual",$C$16<=0),$C$7>=$C$6+$C$8),"CHECK INPUTS","OK"),"CHECK INPUTS / PROPERTIES")) -> OK
B20: Flow Regime | C20: =IF($C$19<>"OK","—",IF($E$7/$E$6<=$C$24,"Sonic / Critical","Subcritical")) -> Subcritical
B21: Equation Used | C21: =IF($C$19<>"OK","—",IF($C$20="Sonic / Critical","Eq. 3.6","Eq. 3.8")) -> Eq. 3.8
B22: Upstream Absolute Pressure (P1) | C22: =$C$6+$C$8 -> 23.7 | D22: psia | E22: =$E$6 -> 163.40575 | F22: kPa
B23: Back Pressure Ratio (r = P2 / P1) | C23: =$E$7/$E$6 -> 0.62025316 | D23: [-]
B24: Critical Pressure Ratio | C24: =(2/($C$39+1))^($C$39/($C$39-1)) -> 0.48634282 | D24: [-]
B25: Critical Back Pressure | C25: =$E$25/6.894757293168 -> 11.526325 | D25: psia | E25: =$E$6*$C$24 -> 79.471213 | F25: kPa
B26: Selected Effective Area | C26: =IF($C$10="Custom",$C$11,VLOOKUP($C$10,$H$5:$I$18,2,FALSE)) -> 0.11 | D26: in² | E26: =$C$26*645.16 -> 70.9676 | F26: mm²
B27: Sonic Coefficient (C) | C27: =0.03948*SQRT($C$39*(2/($C$39+1))^(($C$39+1)/($C$39-1))) -> 0.028701628 | D27: [-]
B28: Subcritical Coefficient (F2) | C28: =IF($C$20="Subcritical",SQRT(($C$39/($C$39-1))*$C$23^(2/$C$39)*((1-$C$23^(($C$39-1)/$C$39))/(1-$C$23))),"—") -> 0.80397845 | D28: [-]
B29: Compressibility Used (Z) | C29: =$C$42 -> 0.99841809 | D29: [-]
B30: Relief Capacity | C30: =IF($C$19<>"OK","",IF($C$20="Sonic / Critical",$E$26*$C$27*$C$12*$C$13*$C$14*$E$6*SQRT($C$38/($E$9*$C$42)),$E$26*$C$28*$C$12*$C$14/17.9*SQRT($C$38*$E$6*($E$6-$E$7)/($E$9*$C$42)))) -> 115.39723 | D30: kg/hr
B31: Relief Capacity | C31: =IF($C$30="","",$C$30/60) -> 1.9232872 | D31: kg/min
B32: Relief Capacity | C32: =IF($C$30="","",$C$30/3600) -> 0.032054786 | D32: kg/s
B33: Relief Capacity | C33: =IF($C$30="","",$C$30*2.20462262185) -> 254.40735 | D33: lb/hr
B34: Relief Capacity | C34: =IF($C$30="","",$C$30*2.20462262185/60) -> 4.2401224 | D34: lb/min
B35: Relief Capacity | C35: =IF($C$30="","",$C$30*2.20462262185/3600) -> 0.070668707 | D35: lb/s
B37: CALCULATION DETAILS
B38: Molecular Weight | C38: =VLOOKUP($C$5,'gas properties'!$B$4:$E$13,2,FALSE) -> 39.948 | D38: g/mol
B39: Isentropic Coefficient (k) | C39: ='Property calculations'!BI8 -> 1.6723103 | D39: [-]
B40: Selected-method density | C40: ='Property calculations'!BC8 -> 2.6722856 | D40: kg/m³
B41: Calculated compressibility (Z) | C41: =IF('Property calculations'!AU8=1,'Property calculations'!AM8,NA()) -> 0.99841809 | D41: [-]
B42: Compressibility Used (Z) | C42: =IF(C15="Manual",IF(AND(ISNUMBER(C16),C16>0),C16,NA()),C41) -> 0.99841809 | D42: [-]
B44: Gas phase only. Upstream and back pressures are treated as absolute in the API equations.
B45: The capacity calculation applies Kd, Kb, and Kc using the worksheet’s gas relief sizing equations.
B48: CALCULATION LOGIC & THEORY
B49: Cell-referenced explanation of the API gas relief-capacity branches, correction factors, property logic, and conversions.
B51: TOPIC | C51: CALCULATION CELL(S) | D51: LOGIC / THEORY / CONVERSION
B52: Absolute pressures | C52: E6:E8, C22:E25 | D52: Relieving gauge pressure C6 is converted to absolute pressure by adding ambient pressure C8. The sheet uses 6.894757293168 kPa/psi. Back pressure C7 is entered as psia and converted directly to kPa absolute.
B53: Temperature conversion | C53: E9 | D53: Relieving temperature is converted from °F to K using (°F − 32)×5/9 + 273.15. API gas-capacity equations use absolute temperature.
B54: Effective area selection | C54: C10:C11, C26, H5:I18 | D54: C26 uses the custom area C11 when C10 is Custom; otherwise it looks up the selected API letter size in H5:I18. E26 converts in² to mm² using 645.16 mm²/in².
B55: Correction coefficients | C55: C12:C14 | D55: Kd is the discharge coefficient, Kb is the back-pressure correction, and Kc is the combination correction. Inputs are constrained to 0–1 by C19. The sonic equation applies Kd, Kb, and Kc; the printed subcritical implementation applies Kd and Kc.
B56: Input validation | C56: C19 | D56: C19 validates pressures, temperature, correction factors, custom area, manual Z, and requires back pressure below upstream absolute pressure.
B57: Critical ratio and regime | C57: C20:C25 | D57: C24 calculates the ideal-gas critical pressure ratio [2/(k+1)]^[k/(k−1)]. C25 converts that ratio into critical back pressure. C20 compares actual P2/P1 with C24 to choose Sonic / Critical or Subcritical flow, and C21 identifies the equation used.
B58: Sonic coefficient | C58: C27 | D58: C27 calculates the API sonic coefficient C from k: 0.03948×√[k(2/(k+1))^((k+1)/(k−1))]. It is used in the Eq. 3.6 critical-flow branch.
B59: Subcritical coefficient | C59: C28 | D59: When flow is subcritical, C28 evaluates F2 from k and pressure ratio r = P2/P1. This coefficient adjusts the noncritical API capacity equation for finite downstream pressure.
B60: Molecular weight and k | C60: C38:C39 | D60: C38 and C39 retrieve molecular weight and isentropic coefficient from the gas-properties table for the selected gas C5.
B61: Density and compressibility | C61: C40:C42 | D61: C40 supplies local density. C41 is Z from the selected method. C42 uses positive manual Z in Manual mode, otherwise C41; Manual mode uses ideal heat capacities.
B62: Relief capacity | C62: C30 | D62: C30 switches between the sonic Eq. 3.6 and subcritical Eq. 3.8 branches. Both use effective area E26, relieving absolute pressure E6, absolute temperature E9, molecular weight C38, compressibility C42, and the applicable coefficients.
... B66: Key conversions | C66: E6:E9, E26, C31:C35 | D66: The sheet uses 6.894757293168 kPa/psi, 645.16 mm²/in², 2.20462262185 lb/kg, 60 min/hr, and 3,600 s/hr.
B69: ="Property status: "&'Property calculations'!AV8 -> Property status: Gas estimate within calculation range
B70: Gas range: 250-600 K. Air/N2/Ar/He to 7000 psig; H2 to 10000 psig; other gases to 100 bar abs. See alarms and Guide.

Sheet Cv flow rate calculator
B1: Cv VALVE FLOW — GAS / LIQUID WATER | H1: LIQUID WATER — LOCAL PROPERTIES
B2: Primary standards: ISA S75.01-1989 (sizing) and ISA S75.02-1989 (Cv test basis). Current successors: ANSI/ISA-75.01.01 / IEC 60534-2-1 and ANSI/ISA-75.02.01 / IEC 60534-2-3. | H2: Select WATER in C5. Liquid equations use upstream properties and pressure drop. No external calls.
B3: =IF(UPPER(C5)="WATER",H16,IF('Property calculations'!AU10=0,'Property calculations'!AV10,IF(OR('Property calculations'!AU9=0,'Property calculations'!AU11=0),"BLOCK: standard/reference property state outside range",'Property calculations'!AV10&". Gas Cv uses an approximate inlet-Z correction."))) -> Gas estimate within calculation range. Gas Cv uses an approximate inlet-Z correction.
B4: INPUTS
B5: Fluid | C5: ARGON | H5: Water temperature [C] | K5: =IF(UPPER(C5)="WATER",ROUND((C9-32)*5/9,10),"")
B6: Upstream Gauge Pressure | C6: 15 | D6: psig | E6: =C6+C8 -> 29.7 | F6: psia | H6: Water density [kg/m3] | K6: =IF(UPPER(C5)="WATER",IF(AND(K5>=1,K5<=90),(INDEX('gas properties'!AI$4:AI$93,MIN(89,MAX(1,INT(K5))))+(K5-MIN(89,MAX(1,INT(K5))))*(INDEX('gas properties'!AI$4:AI$93,MIN(89,MAX(1,INT(K5)))+1)-INDEX('gas properties'!AI$4:AI$93,MIN(89,MAX(1,INT(K5)))))),NA()),"")
B7: Downstream Gauge Pressure | C7: 1 | D7: psig | E7: =C7+C8 -> 15.7 | F7: psia | H7: Dynamic viscosity [Pa.s] | K7: =IF(UPPER(C5)="WATER",IF(AND(K5>=1,K5<=90),(INDEX('gas properties'!AJ$4:AJ$93,MIN(89,MAX(1,INT(K5))))+(K5-MIN(89,MAX(1,INT(K5))))*(INDEX('gas properties'!AJ$4:AJ$93,MIN(89,MAX(1,INT(K5)))+1)-INDEX('gas properties'!AJ$4:AJ$93,MIN(89,MAX(1,INT(K5)))))),NA()),"")
B8: Ambient / Atmospheric Pressure | C8: 14.7 | D8: psia | H8: Vapor pressure [psia] | K8: =IF(UPPER(C5)="WATER",IF(AND(K5>=1,K5<=90),(INDEX('gas properties'!AK$4:AK$93,MIN(89,MAX(1,INT(K5))))+(K5-MIN(89,MAX(1,INT(K5))))*(INDEX('gas properties'!AK$4:AK$93,MIN(89,MAX(1,INT(K5)))+1)-INDEX('gas properties'!AK$4:AK$93,MIN(89,MAX(1,INT(K5))))))/6894.757293168,NA()),"")
B9: Upstream Temperature | C9: 70 | D9: °F | E9: =C9+459.67 -> 529.67 | F9: °R | H9: Liquid specific gravity [-] | K9: =IF(UPPER(C5)="WATER",K6/999.016,"")
B10: Valve Flow Coefficient | C10: 0.73 | D10: Cv | H10: Device pressure recovery factor FL
B11: Reference / Normal Pressure | C11: 14.696 | D11: psia | H11: Liquid critical-pressure factor FF | K11: =IF(UPPER(C5)="WATER",0.96-0.28*SQRT(K8*6894.757293168/22064000),"")
B12: Reference / Normal Temperature | C12: 32 | D12: °F | H12: Actual pressure drop [psi] | K12: =IF(UPPER(C5)="WATER",C19-C20,"")
B13: Gas Density Method | C13: Peng-Robinson | H13: Choked drop limit with FL [psi] | K13: =IF(AND(UPPER(C5)="WATER",ISNUMBER(K10),K10>0,K10<=1),K10^2*(C19-K11*K8),"")
H14: Pressure drop used [psi] | K14: =IF(UPPER(C5)="WATER",IF(K10="",K12,IF(ISNUMBER(K13),MIN(K12,K13),NA())),"")
B15: RESULTS
B16: Input Check | C16: =IFERROR(IF(UPPER(C5)="WATER",IF(LEFT(H16,5)="BLOCK",H16,IF(OR(C19<=0,C20<=0,C19<=C20,C10<=0),"CHECK INPUTS","OK")),IF('Property calculations'!AU10=0,'Property calculations'!AV10,IF(OR('Property calculations'!AU9=0,'Property calculations'!AU11=0),"BLOCK: reference properties",IF(OR(C19<=0,C20<0,C19<=C20,C9<=-459.67,C10<=0,C11<=0,C12<=-459.67,ISNA(MATCH(C5,'gas properties'!$B$4:$B$13,0))),"CHECK INPUTS","OK")))),"CHECK INPUTS / PROPERTIES") -> OK | H16: =IF(UPPER(C5)="WATER",IFERROR(IF(OR(K5<1,K5>90),"BLOCK: water requires 1-90 C",IF(C19*6894.757293168>10000000,"BLOCK: water pressure exceeds 100 bar abs",IF(C19<=K8,"BLOCK: upstream water not liquid",IF(C20<=K8,"BLOCK: flashing / two-phase water unsupported",IF(K10="","WARNING: FL missing; nominal flow only, cavitation/choking unscreened",IF(OR(NOT(ISNUMBER(K10)),K10<=0,K10>1),"BLOCK: enter 0 < FL <= 1",IF(K12>=K13,"WARNING: liquid choked / cavitating estimate; verify device","Water estimate; cavitation can begin before choking"))))))),"BLOCK: invalid water inputs"),"Water mode inactive") -> Water mode inactive
B17: Flow Regime | C17: =IF(C16<>"OK","Unavailable",IF(UPPER(C5)="WATER",IF(K10="","Liquid; FL unknown",IF(K12>=K13,"Liquid choked estimate","Liquid flow")),IF(C20<=0.5*C19,"High pressure drop / choked","Low pressure drop"))) -> Low pressure drop
B18: Equation Used | C18: =IF(UPPER(C5)="WATER","Q = Cv sqrt(used drop / SG), US gpm",IF(C16<>"OK","—",IF(C20<=0.5*C19,"q = 0.471 N2 Cv P1 / √(Gg T1)","q = N2 Cv P1 (1-2Δp/3P1) √(Δp/(P1 Gg T1))"))&" / sqrt(Z1)") -> q = N2 Cv P1 (1-2Δp/3P1) √(Δp/(P1 Gg T1)) / sqrt(Z1)
B19: Upstream Absolute Pressure (P1) | C19: =C6+C8 -> 29.7 | D19: psia
B20: Downstream Absolute Pressure (P2) | C20: =C7+C8 -> 15.7 | D20: psia | H20: FL is device-specific: enter manufacturer/test data when known. Blank FL gives nominal, unchoked flow and cannot screen cavitation. With FL, limit drop to FL^2(P1-FF Pv). Flashing is blocked. Density and viscosity are low-pressure estimates; pressure effects, reducers, viscous correction and cavitation onset are not modeled.
B21: Pressure Drop (Δp) | C21: =C19-C20 -> 14 | D21: psi
B22: Pressure Ratio (P2 / P1) | C22: =IF(C19>0,C20/C19,"") -> 0.52861953
B23: Choke Threshold | C23: =IF(UPPER(C5)="WATER","n.a.",0.5) -> 0.5 | D23: P2 / P1
B24: Critical Downstream Gauge Pressure | C24: =IF(UPPER(C5)="WATER","n.a.",0.5*C19-C8) -> 0.15 | D24: psig
B25: =IF(UPPER(C5)="WATER","Liquid volume flow","Gas flow") -> Gas flow | C25: =IF(C16<>"OK","",IF(UPPER(C5)="WATER",C10*SQRT(K14/K9),(IF(C16<>"OK","",IF(C20<=0.5*C19,0.471*$C$39*$C$10*$C$19*SQRT(1/($C$38*$E$9)),$C$39*$C$10*$C$19*(1-2*$C$21/(3*$C$19))*SQRT($C$21/($C$19*$C$38*$E$9)))))/SQRT('Property calculations'!AM10))) -> 8.5703891 | D25: =IF(UPPER(C5)="WATER","US gpm","SCFM") -> SCFM
B26: =IF(UPPER(C5)="WATER","Liquid volume flow","Gas flow") -> Gas flow | C26: =IF(C25="","",IF(UPPER(C5)="WATER",C25*3.785411784,C25*28.316846592)) -> 242.68639 | D26: =IF(UPPER(C5)="WATER","L/min","standard L/min") -> standard L/min | H26: Water range: 1-90 C (33.8-194 F), up to 100 bar absolute. Q = Cv sqrt(deltaP / SG) [US gpm]; orifice mass flow = Cd A sqrt(2 rho deltaP). Cd/FL must match the actual geometry.
B27: =IF(UPPER(C5)="WATER","Liquid volume flow","Reference / normal gas flow") -> Reference / normal gas flow | C27: =IF(UPPER(C5)="WATER",IF(C25="","",C25*0.003785411784*60),IF(OR(C29="",C50<=0),"",C29/C50*3600)) -> 13.77699 | D27: =IF(UPPER(C5)="WATER","m3/h","Nm3/h") -> Nm3/h
B28: Actual upstream volume flow | C28: =IF(OR(C29="",C47<=0),"",C29/C47*60/0.028316846592) -> 4.3195509 | D28: ACFM
B29: Mass Flow | C29: =IF(C25="","",IF(UPPER(C5)="WATER",C25*0.003785411784/60*K6,C25*0.028316846592/60*C44)) -> 0.0068296188 | D29: kg/s
B30: Mass Flow | C30: =IF(C29="","",C29*60) -> 0.40977713 | D30: kg/min
B31: Mass Flow | C31: =IF(C29="","",C29*3600) -> 24.586628 | D31: kg/h | H31: Sources: Swagelok Valve Sizing Technical Bulletin, liquid-flow equation; Emerson Valve Sizing, FL / FF choking limit. https://www.swagelok.com/downloads/webcatalogs/en/ms-06-84.pdf https://www.emerson.com/is/content/emerson/en/final-control/flow-controls/documents/d351798x012_02.pdf
B32: Mass Flow | C32: =IF(C29="","",C29*2.20462262185) -> 0.015056732 | D32: lb/s
B33: Mass Flow | C33: =IF(C29="","",C29*2.20462262185*60) -> 0.90340392 | D33: lb/min
B34: Mass Flow | C34: =IF(C29="","",C29*2.20462262185*3600) -> 54.204235 | D34: lb/h
B36: CALCULATION DETAILS
B37: Molecular Weight | C37: =VLOOKUP(C5,'gas properties'!B3:E13,2,FALSE) -> 39.948 | D37: kg/kmol
B38: Gas Specific Gravity (air = 1) | C38: =IF(UPPER(C5)="WATER","n.a.",VLOOKUP(C5,'gas properties'!$B$4:$E$13,4,FALSE)) -> 1.3791599
B39: Gas-Flow Equation N2 Constant | C39: 22.67 | D39: SCFM / psia / °R basis
B40: SCFM Reference Pressure | C40: 14.7 | D40: psia
B41: SCFM Reference Temperature | C41: 60 | D41: °F
B42: Ideal Standard Density | C42: =IF(UPPER(C5)="WATER","n.a.",C40*6894.757293168*(C37/1000)/(8.314462618*((C41-32)*5/9+273.15))) -> 1.6867163 | D42: kg/m³
B43: Selected standard density | C43: =IF(UPPER(C5)="WATER","n.a.",'Property calculations'!BC9) -> 1.6885047 | D43: kg/m³
B44: Standard Density Used | C44: =IF(UPPER(C5)="WATER","n.a.",C43) -> 1.6885047 | D44: kg/m³
B45: Ideal Upstream Density | C45: =IF(UPPER(C5)="WATER","n.a.",C19*6894.757293168*(C37/1000)/(8.314462618*((C9-32)*5/9+273.15))) -> 3.3435161 | D45: kg/m³
B46: Selected upstream density | C46: =IF(UPPER(C5)="WATER",K6,'Property calculations'!BC10) -> 3.3501498 | D46: kg/m³
B47: Upstream Density Used | C47: =C46 -> 3.3501498 | D47: kg/m³
B48: Ideal Reference Density | C48: =IF(UPPER(C5)="WATER","n.a.",C11*6894.757293168*(C37/1000)/(8.314462618*((C12-32)*5/9+273.15))) -> 1.7822876 | D48: kg/m³
B49: Selected reference density | C49: =IF(UPPER(C5)="WATER","n.a.",'Property calculations'!BC11) -> 1.7846153 | D49: kg/m³
B50: Reference Density Used | C50: =IF(UPPER(C5)="WATER","n.a.",C49) -> 1.7846153 | D50: kg/m³
B52: Method note: | C52: Water uses liquid Cv flow with optional FL choking cap. Gas retains the legacy pressure-ratio switch and adds 1/sqrt(Z1); this is not a full real-gas valve model.
C53: SCFM-to-mass conversion assumes 14.7 psia and 60°F; Reference/Normal flow uses the editable conditions above.
C54: High-pressure gas results are estimates. Water requires liquid conditions, known geometry/Cv and review of cavitation; unknown FL is explicitly flagged.
B57: CALCULATION LOGIC & THEORY
B58: Cell-referenced explanation of the legacy ISA gas-Cv correlation, choking selection, density bases, and flow conversions.
B60: TOPIC | C60: CALCULATION CELL(S) | D60: LOGIC / THEORY / CONVERSION
B61: Absolute pressures | C61: E6:E7, C19:C21 | D61: Upstream and downstream gauge pressures are converted to absolute psia by adding atmospheric pressure C8. C21 calculates Δp = P1 − P2. Gas sizing equations require absolute P1 and P2.
B62: Absolute temperature | C62: E9 | D62: E9 converts upstream temperature from °F to °R by adding 459.67. The gas-flow equation uses absolute Rankine temperature.
B63: Input validation | C63: C16 | D63: C16 checks positive upstream pressure, nonnegative downstream pressure, P1 > P2, temperatures above absolute zero, positive Cv and reference pressure, and a valid gas selection.
B64: Choking criterion | C64: C17:C24 | D64: The method changes to the high-pressure-drop / choked equation when P2 ≤ 0.5P1. C22 reports P2/P1, C23 stores the 0.5 threshold, and C24 converts the threshold back to critical downstream gauge pressure.
B65: Gas specific gravity | C65: C37:C38 | D65: C37 retrieves molecular weight. C38 retrieves gas specific gravity relative to air, which is the Gg term used in the legacy ISA gas-valve correlation.
B66: Equation constants | C66: C39:C41 | D66: C39 is N2 = 22.67, the unit constant used by the legacy ISA-based SCFM/psia/°R correlation. C40:C41 define the worksheet SCFM reference state of 14.7 psia and 60°F used for reported SCFM and mass conversion.
B67: Valve-flow equation | C67: C18, C25 | D67: Gas: legacy correlation divided by sqrt(inlet Z). Water: Q = Cv sqrt(used pressure drop / liquid SG), US gpm. Optional FL limits pressure drop; missing FL gives a flagged nominal estimate.
B68: SCFM to standard L/min | C68: C26 | D68: C26 multiplies SCFM by 28.316846592 liters per cubic foot to obtain standard L/min at the same worksheet reference state.
B69: Standard-state density | C69: C42:C44 | D69: C42 shows ideal standard density. C43 supplies the selected local density at 14.7 psia and 60 F; C44 uses it.
B70: Mass flow | C70: C29:C34 | D70: Water mass flow = US gpm * 0.003785411784 / 60 * water density. Gas mass flow uses the standard gas density. Standard/normal gas volumes are not used for water.
B71: Actual upstream flow | C71: C45:C47, C28 | D71: C45 shows ideal upstream density. C46 supplies the selected local density; C47 uses it. C28 converts mass flow into ACFM.
... B76: Key conversions | C76: C26:C34, C42:C50 | D76: The sheet uses 459.67 °R/°F offset, 6,894.757293168 Pa/psi, 0.028316846592 m³/ft³, 2.20462262185 lb/kg, 60 s/min, and 3,600 s/hr.
B79: =B3 -> Gas estimate within calculation range. Gas Cv uses an approximate inlet-Z correction.
B80: Gas range: 250-600 K. Air/N2/Ar/He to 7000 psig; H2 to 10000 psig; other gases to 100 bar abs. See alarms and Guide.

Sheet Roark Beam Table 8.1
B1: ROARK TABLE 8.1 — BEAM RESPONSE CALCULATOR
B2: Cases 1a, 1d, 1e, 2a, 2d, and 2e: reactions, end actions, and response at any position x
B3: Use consistent U.S. units shown. Loads are positive downward; deflection is positive upward per the reference sign convention.
B5: INPUTS | F5: SUPPORTED CASES
B6: Reference case | C6: 1e | D6: case | F6: Ref. | G6: Loading | H6: End restraints
B7: Case description | C7: =IF(UPPER(C6)="1A","1a — concentrated load; left free, right fixed",IF(UPPER(C6)="1D","1d — concentrated load; both ends fixed",IF(UPPER(C6)="1E","1e — concentrated load; both ends simply supported",IF(UPPER(C6)="2A","2a — partial linear distributed load; left free, right fixed",IF(UPPER(C6)="2D","2d — partial linear distributed load; both ends fixed",IF(UPPER(C6)="2E","2e — partial linear distributed load; both ends simply supported","Select a supported case")))))) -> 1e — concentrated load; both ends simply supported | F7: 1a | G7: Point load W at a | H7: Left free / right fixed
B8: Beam length, l | C8: 120 | D8: in | F8: 1d | G8: Point load W at a | H8: Fixed / fixed
B9: Load location / start, a | C9: 60 | D9: in | F9: 1e | G9: Point load W at a | H9: Simply supported / simply supported
B10: Evaluation position, x | C10: 60 | D10: in | F10: 2a | G10: Linear load from a to l | H10: Left free / right fixed
B11: Concentrated load, W | C11: 1000 | D11: lbf | F11: 2d | G11: Linear load from a to l | H11: Fixed / fixed
B12: Distributed load at a, wₐ | C12: 10 | D12: lbf/in | F12: 2e | G12: Linear load from a to l | H12: Simply supported / simply supported
B13: Distributed load at l, wₗ | C13: 10 | D13: lbf/in
B14: Elastic modulus, E | C14: 29000000 | D14: psi | F14: SECTION PROPERTIES & STRESS CHECK
B15: Area moment of inertia, I | C15: =IF($G$21="OK",$G$23,"") -> 169.76536 | D15: in⁴ | F15: Section type | G15: Solid Square Bar | I15: Common name | J15: Industry designation
B16: Input check | C16: =IF(NOT(OR(UPPER(C6)="1A",UPPER(C6)="1D",UPPER(C6)="1E",UPPER(C6)="2A",UPPER(C6)="2D",UPPER(C6)="2E")),"CHECK: choose 1a, 1d, 1e, 2a, 2d, or 2e",IF(C8<=0,"CHECK: l must be > 0",IF(OR(C9<0,C9>C8),"CHECK: a must satisfy 0 <= a <= l",IF(OR(C10<0,C10>C8),"CHECK: x must satisfy 0 <= x <= l",IF(AND(LEFT(UPPER(C6),1)="2",C9>=C8),"CHECK: distributed load requires a < l",IF(OR(C14<=0,C15<=0),"CHECK: E and I must be > 0","OK")))))) -> OK | F16: =IF($G$15="Pipe / Round HSS","Outside diameter, OD",IF($G$15="Solid Round Bar (Rod)","Diameter, d",IF($G$15="Solid Square Bar","Side, b",IF($G$15="HSS Square Tube","Outside side, B",IF($G$15="Solid Rectangular Bar","Width, b",IF($G$15="HSS Rectangular Tube","Outside width, B",IF($G$15="Wide-Flange (W-Shape) / I-Beam","Overall depth, d","Dimension 1"))))))) -> Side, b | G16: 6.718272 | H16: in | I16: Pipe | J16: Pipe / Round HSS
B17: Evaluation note | C17: =IF(AND(LEFT(UPPER(C6),1)="1",ABS(C10-C9)<0.0000000001),"At x=a, V(x) reports the right-hand shear; shear is discontinuous at the point load.","") -> At x=a, V(x) reports the right-hand shear; shear is discontinuous at the point load. | F17: =IF($G$15="Pipe / Round HSS","Wall thickness, t",IF($G$15="HSS Square Tube","Wall thickness, t",IF($G$15="Solid Rectangular Bar","Height, h",IF($G$15="HSS Rectangular Tube","Outside height, H",IF($G$15="Wide-Flange (W-Shape) / I-Beam","Flange width, bf",""))))) | H17: =IF(F17<>"","in","") | I17: Rod | J17: Solid Round Bar
F18: =IF($G$15="HSS Rectangular Tube","Wall thickness, t",IF($G$15="Wide-Flange (W-Shape) / I-Beam","Flange thickness, tf","")) | H18: =IF(F18<>"","in","") | I18: Square | J18: Solid Square Bar
B19: RESULTS | F19: =IF($G$15="Wide-Flange (W-Shape) / I-Beam","Web thickness, tw","") | H19: =IF(F19<>"","in","") | I19: Square stock (hollow) | J19: HSS Square Tube
B20: Active case | C20: =C7 -> 1e — concentrated load; both ends simply supported | F20: Max allowable stress | G20: 36000 | H20: psi | I20: Rectangle | J20: Solid Rectangular Bar
B21: Left reaction, Rₐ | C21: =IF($C$16<>"OK","",CHOOSE(MATCH(UPPER($C$6),{"1A","1D","1E","2A","2D","2E"},0),0,$C$11/$C$8^3*$C$43^2*($C$8+2*$C$9),$C$11/$C$8*$C$43,0,$C$12/(2*$C$8^3)*$C$43^3*($C$8+$C$9)+($C$13-$C$12)/(20*$C$8^3)*$C$43^3*(3*$C$8+2*$C$9),$C$12/(2*$C$8)*$C$43^2+($C$13-$C$12)/(6*$C$8)*$C$43^2)) -> 500 | D21: lbf | F21: Section input check | G21: =IF($G$15="Pipe / Round HSS",IF(AND($G$16>0,$G$17>0,2*$G$17<$G$16),"OK","CHECK: OD > 2t > 0"),IF($G$15="Solid Round Bar (Rod)",IF($G$16>0,"OK","CHECK: d must be > 0"),IF($G$15="Solid Square Bar",IF($G$16>0,"OK","CHECK: b must be > 0"),IF($G$15="HSS Square Tube",IF(AND($G$16>0,$G$17>0,2*$G$17<$G$16),"OK","CHECK: B > 2t > 0"),IF($G$15="Solid Rectangular Bar",IF(AND($G$16>0,$G$17>0),"OK","CHECK: b and h must be > 0"),IF($G$15="HSS Rectangular Tube",IF(AND($G$16>0,$G$17>0,$G$18>0,2*$G$18<MIN($G$16,$G$17)),"OK","CHECK: B,H > 2t > 0"),IF($G$15="Wide-Flange (W-Shape) / I-Beam",IF(AND($G$16>0,$G$17>0,$G$18>0,$G$19>0,2*$G$18<$G$16,$G$19<=$G$17),"OK","CHECK: d > 2tf and bf >= tw > 0"),"CHECK: choose section type"))))))) -> OK | H21: geometry | I21: Hollow rectangle | J21: HSS Rectangular Tube
B22: Right reaction, Rᵦ | C22: =IF($C$16<>"OK","",CHOOSE(MATCH(UPPER($C$6),{"1A","1D","1E","2A","2D","2E"},0),$C$11,$C$11*$C$9^2/$C$8^3*(3*$C$8-2*$C$9),$C$11*$C$9/$C$8,($C$12+$C$13)/2*$C$43,$C$48-$C$21,$C$48-$C$21)) -> 500 | D22: lbf | F22: Extreme-fiber distance, c | G22: =IF($G$21<>"OK","",IF($G$15="Pipe / Round HSS",$G$16/2,IF($G$15="Solid Round Bar (Rod)",$G$16/2,IF($G$15="Solid Square Bar",$G$16/2,IF($G$15="HSS Square Tube",$G$16/2,IF($G$15="Solid Rectangular Bar",$G$17/2,IF($G$15="HSS Rectangular Tube",$G$17/2,IF($G$15="Wide-Flange (W-Shape) / I-Beam",$G$16/2,"")))))))) -> 3.359136 | H22: in | I22: I beam | J22: Wide-Flange (W-Shape) / I-Beam
B23: Left end moment, Mₐ | C23: =IF($C$16<>"OK","",CHOOSE(MATCH(UPPER($C$6),{"1A","1D","1E","2A","2D","2E"},0),0,-$C$11*$C$9/$C$8^2*$C$43^2,0,0,-$C$12/(12*$C$8^2)*$C$43^3*($C$8+3*$C$9)-($C$13-$C$12)/(60*$C$8^2)*$C$43^3*(2*$C$8+3*$C$9),0)) -> 0 | D23: lbf·in | F23: Area moment of inertia, I | G23: =IF($G$21<>"OK","",IF($G$15="Pipe / Round HSS",PI()/64*($G$16^4-($G$16-2*$G$17)^4),IF($G$15="Solid Round Bar (Rod)",PI()*$G$16^4/64,IF($G$15="Solid Square Bar",$G$16^4/12,IF($G$15="HSS Square Tube",($G$16^4-($G$16-2*$G$17)^4)/12,IF($G$15="Solid Rectangular Bar",$G$16*$G$17^3/12,IF($G$15="HSS Rectangular Tube",($G$16*$G$17^3-($G$16-2*$G$18)*($G$17-2*$G$18)^3)/12,IF($G$15="Wide-Flange (W-Shape) / I-Beam",2*($G$17*$G$18^3/12+$G$17*$G$18*($G$16/2-$G$18/2)^2)+$G$19*($G$16-2*$G$18)^3/12,"")))))))) -> 169.76536 | H23: in^4
B24: Right end moment, Mᵦ | C24: =IF($C$16<>"OK","",CHOOSE(MATCH(UPPER($C$6),{"1A","1D","1E","2A","2D","2E"},0),-$C$11*$C$43,-$C$11*$C$9^2/$C$8^2*$C$43,0,-$C$12/2*$C$43^2-($C$13-$C$12)/6*$C$43^2,$C$21*$C$8+$C$23-$C$12/2*$C$43^2-($C$13-$C$12)/6*$C$43^2,0)) -> 0 | D24: lbf·in | F24: Section modulus, S = I/c | G24: =IF(OR($G$23="",$G$22<=0),"",$G$23/$G$22) -> 50.538401 | H24: in^3
B25: Left end slope, θₐ | C25: =IF($C$16<>"OK","",CHOOSE(MATCH(UPPER($C$6),{"1A","1D","1E","2A","2D","2E"},0),$C$11*$C$43^2/(2*$C$47),0,-$C$11*$C$9*(2*$C$8-$C$9)*$C$43/(6*$C$47*$C$8),$C$12*$C$43^3/(6*$C$47)+($C$13-$C$12)*$C$43^3/(24*$C$47),0,-$C$12*$C$43^2*($C$8^2+2*$C$9*$C$8-$C$9^2)/(24*$C$47*$C$8)-($C$13-$C$12)*$C$43^2*(7*$C$8^2+6*$C$9*$C$8-3*$C$9^2)/(360*$C$47*$C$8))) -> -0.0001828081 | D25: rad | F25: Maximum |bending moment| | G25: =IF($C$16<>"OK","",MAX(ABS($C$35),ABS($C$36))) -> 30000 | H25: lbf-in
B26: Right end slope, θᵦ | C26: =IF($C$16<>"OK","",CHOOSE(MATCH(UPPER($C$6),{"1A","1D","1E","2A","2D","2E"},0),0,0,$C$11*$C$9*($C$8^2-$C$9^2)/(6*$C$47*$C$8),0,0,$C$12*($C$8^2-$C$9^2)^2/(24*$C$47*$C$8)+($C$13-$C$12)*$C$43^2*(8*$C$8^2+9*$C$9*$C$8+3*$C$9^2)/(360*$C$47*$C$8))) -> 0.0001828081 | D26: rad | F26: Predicted max bending stress | G26: =IF(OR($G$24="",$G$24<=0,$G$25=""),"",$G$25/$G$24) -> 593.60801 | H26: psi
B27: Left end deflection, yₐ | C27: =IF($C$16<>"OK","",CHOOSE(MATCH(UPPER($C$6),{"1A","1D","1E","2A","2D","2E"},0),-$C$11*(2*$C$8^3-3*$C$8^2*$C$9+$C$9^3)/(6*$C$47),0,0,-$C$12*$C$43^3*(3*$C$8+$C$9)/(24*$C$47)-($C$13-$C$12)*$C$43^3*(4*$C$8+$C$9)/(120*$C$47),0,0)) -> 0 | D27: in | F27: Location of max stress | G27: =IF($G$26="","",IF(ABS($C$35)>=ABS($C$36),$F$35,$F$36)) -> 60 | H27: in
B28: Right end deflection, yᵦ | C28: =IF($C$16<>"OK","",0) -> 0 | D28: in | F28: Factor of safety | G28: =IF(OR($G$26="",$G$20<=0),"",$G$20/$G$26) -> 60.646081 | I28: =IF($G$28="","ENTER ALLOWABLE",IF($G$28>=1,"PASS","FAIL")) -> PASS
B29: Shear at x, V(x) | C29: =IF($C$16<>"OK","",IF($C$46="1",$C$21-$C$11*$C$45,$C$21-$C$12*$C$44-($C$13-$C$12)*$C$44^2/(2*$C$43))) -> -500 | D29: lbf | E29: at x = | F29: =$C$10 -> 60 | G29: in
B30: Moment at x, M(x) | C30: =IF($C$16<>"OK","",IF($C$46="1",$C$23+$C$21*$C$10-$C$11*$C$44,$C$23+$C$21*$C$10-$C$12*$C$44^2/2-($C$13-$C$12)*$C$44^3/(6*$C$43))) -> 30000 | D30: lbf·in
B31: Slope at x, θ(x) | C31: =IF($C$16<>"OK","",IF($C$46="1",$C$25+$C$23*$C$10/$C$47+$C$21*$C$10^2/(2*$C$47)-$C$11*$C$44^2/(2*$C$47),$C$25+$C$23*$C$10/$C$47+$C$21*$C$10^2/(2*$C$47)-$C$12*$C$44^3/(6*$C$47)-($C$13-$C$12)*$C$44^4/(24*$C$47*$C$43))) -> 2.7105054e-20 | D31: rad
B32: Deflection at x, y(x) | C32: =IF($C$16<>"OK","",IF($C$46="1",$C$27+$C$25*$C$10+$C$23*$C$10^2/(2*$C$47)+$C$21*$C$10^3/(6*$C$47)-$C$11*$C$44^3/(6*$C$47),$C$27+$C$25*$C$10+$C$23*$C$10^2/(2*$C$47)+$C$21*$C$10^3/(6*$C$47)-$C$12*$C$44^4/(24*$C$47)-($C$13-$C$12)*$C$44^5/(120*$C$47*$C$43))) -> -0.0073123238 | D32: in
B34: PROFILE EXTREMA — 201-POINT SCAN + EXACT LOAD POINT
B35: Maximum moment | C35: =IF($C$16<>"OK","",MAX($D$56:$D$257)) -> 30000 | D35: lbf·in | E35: at x = | F35: =IF($C$16<>"OK","",INDEX($B$56:$B$257,MATCH($C$35,$D$56:$D$257,0))) -> 60 | G35: in
B36: Minimum moment | C36: =IF($C$16<>"OK","",MIN($D$56:$D$257)) -> 0 | D36: lbf·in | E36: at x = | F36: =IF($C$16<>"OK","",INDEX($B$56:$B$257,MATCH($C$36,$D$56:$D$257,0))) -> 0 | G36: in
B37: Maximum deflection | C37: =IF($C$16<>"OK","",MAX($F$56:$F$257)) -> 2.6020852e-18 | D37: in | E37: at x = | F37: =IF($C$16<>"OK","",INDEX($B$56:$B$257,MATCH($C$37,$F$56:$F$257,0))) -> 120 | G37: in
